feat,lrp
A,-0.0012530468614239717
C,-0.0020710998241864034
T,-0.001981007019582491
G,-0.0022105045582842824
TFs_and_others_PBXIP1,-0.0008899364385186437
TFs_and_others_HBcAg,-0.0004982218393671107
TFs_and_others_BRAF,-1.867571377592548e-05
TFs_and_others_ZNF296,-3.280477893411166e-05
TFs_and_others_CGGBP1,-4.0616915150767774e-05
TFs_and_others_SOX21,-4.605749792110761e-05
TFs_and_others_HIV Tat,-5.144962931555882e-05
TFs_and_others_REC8,-7.246576138350234e-05
TFs_and_others_OVOL2,-7.387168556625148e-05
TFs_and_others_EZH1,-7.789307354937169e-05
TFs_and_others_GABPB2,-7.106481615140341e-05
TFs_and_others_GLIS1,-8.000597328807728e-05
TFs_and_others_LBX2,-6.566938978179118e-05
Histone_H3K27me1,-7.743926032373955e-05
TFs_and_others_ZNF33B,-6.442268136989332e-05
TFs_and_others_FANCM,-6.664377045586894e-05
TFs_and_others_SERPINE1,-6.440837578412045e-05
TFs_and_others_ZFHX4,-6.24508217464141e-05
TFs_and_others_ZNF610,-6.983888409154973e-05
TFs_and_others_PPP2CA,-7.273485126590766e-05
TFs_and_others_ZNF266,-6.559925055442522e-05
TFs_and_others_EED,-7.119680543008888e-05
TFs_and_others_ERH,-6.983928202361892e-05
TFs_and_others_ZNF362,-8.72829871758001e-05
TFs_and_others_ALOX5,-6.993212583647329e-05
TFs_and_others_TP73,-9.450491728197563e-05
TFs_and_others_ZNF71,-6.045103056527485e-05
TFs_and_others_UBTF,-8.151391362111064e-05
TFs_and_others_EN1,-6.135491644848945e-05
TFs_and_others_ZBTB21,-9.574108454283533e-05
TFs_and_others_NFKB1,-5.7276689369411814e-05
TFs_and_others_DPF2,-0.00010014287728601761
TFs_and_others_ZNF891,-6.036705809041004e-05
Histone_H2A.ZK4K7ac,-9.779912073743194e-05
TFs_and_others_TRIM28,-8.606184277213553e-05
TFs_and_others_TOP2B,-8.643975405978119e-05
TFs_and_others_ZNF174,-7.042970583498063e-05
TFs_and_others_ZNF486,-7.977939012275026e-05
TFs_and_others_SCML4,-6.959668702220089e-05
TFs_and_others_RAG1,-8.704022073224022e-05
TFs_and_others_HES1,-8.84078909418352e-05
TFs_and_others_SMAD5,-8.048125977866187e-05
TFs_and_others_ZNF570,-6.302009803017763e-05
TFs_and_others_ZNF431,-8.053532164372027e-05
TFs_and_others_ZNF608,-7.037963761087841e-05
TFs_and_others_CREBBP,-9.087627340293477e-05
TFs_and_others_ZNF707,-8.100307919365882e-05
TFs_and_others_RBAK,-7.876393631597043e-05
TFs_and_others_FLI1,-0.00013723454223833924
TFs_and_others_ZSCAN22,-9.065866390497598e-05
TFs_and_others_GPS2,-8.707022783116878e-05
TFs_and_others_OVOL3,-6.522349953717094e-05
TFs_and_others_RREB1,-7.24242548756637e-05
TFs_and_others_SALL4,-7.253217569946794e-05
TFs_and_others_ZBTB38,-9.421483508944845e-05
TFs_and_others_ETV2,-7.224719928233811e-05
TFs_and_others_YY1,-0.00011265088624860394
TFs_and_others_TLX1,-8.640134284168964e-05
TFs_and_others_ATF1,-0.0001122015666456599
TFs_and_others_CPSF6,-8.276212435720057e-05
TFs_and_others_DNAJC2,-7.007048445922584e-05
TFs_and_others_HOXA4,-6.961866427304486e-05
TFs_and_others_ASH1L,-6.997270862726537e-05
TFs_and_others_GPBP1L1,-7.716182111252025e-05
TFs_and_others_SIX1,-6.55638152222729e-05
TFs_and_others_LRWD1,-7.507341491545942e-05
TFs_and_others_RNASEH2A,-7.124091886728601e-05
TFs_and_others_ZNF560,-7.12996653998269e-05
TFs_and_others_SYNCRIP,-6.759403915016745e-05
TFs_and_others_ZNF280C,-5.9883829173152125e-05
TFs_and_others_MCM7,-8.369466816403925e-05
TFs_and_others_USP22,-7.245064699406484e-05
Histone_H4K12ac,-0.0001316143981901386
TFs_and_others_ZNF598,-7.681909066664842e-05
TFs_and_others_INTS12,-7.043124376951354e-05
TFs_and_others_DEAF1,-5.913627506309041e-05
TFs_and_others_REST,-7.346277475544423e-05
TFs_and_others_BRD7,-7.442731387832997e-05
TFs_and_others_SP4,-5.953686370254794e-05
TFs_and_others_Crotonyllysine,-7.889154849275851e-05
TFs_and_others_KDM5B,-7.324721325280616e-05
TFs_and_others_EBF3,-7.861479002572675e-05
TFs_and_others_TFCP2,-6.398538934759196e-05
Histone_H3.6,-7.444820653077076e-05
TFs_and_others_SMC3,-9.787876690694106e-05
Histone_H2Bub,-7.739841797653951e-05
TFs_and_others_LHX4,-8.959644775984709e-05
TFs_and_others_SAG,-7.101197335006124e-05
Histone_Pan lysine acetylation,-7.957192684894177e-05
TFs_and_others_ZNF572,-0.00016341731053102227
TFs_and_others_ZNF232,-0.00014473446630474952
RNA_polymerase_RNA polymerase II,-0.0004374100694280653
TFs_and_others_POU2F3,-0.00020648167981024597
TFs_and_others_HDAC4,-0.000150579762402097
TFs_and_others_ERCC3,-9.233152830937152e-05
TFs_and_others_JAZF1,-7.740043292165309e-05
TFs_and_others_BRD8,-7.90831391352016e-05
TFs_and_others_KAT2B,-8.258541982987839e-05
TFs_and_others_ZNF781,-8.831297495869565e-05
TFs_and_others_ZNF219,-6.380611463463632e-05
TFs_and_others_SNIP1,-5.4348425485528126e-05
TFs_and_others_HOXC13,-6.133902420377506e-05
TFs_and_others_NR0B2,-5.2656900161398314e-05
TFs_and_others_RBL2,-6.054952497253754e-05
TFs_and_others_ZNF256,-6.498513098365359e-05
TFs_and_others_DDX11,-6.30914246439728e-05
Histone_H4K16ac,-8.94461191707595e-05
TFs_and_others_AHR,-6.599932551774538e-05
Histone_H4K20me3,-8.363184612848787e-05
TFs_and_others_ZNF408,-6.738663739908496e-05
Histone_H2A.ZK4K7K11ac,-0.00011700047943108412
TFs_and_others_ZNF639,-6.288009575095619e-05
TFs_and_others_MRE11A,-7.425868858946279e-05
TFs_and_others_ZNF622,-5.4030636648825167e-05
TFs_and_others_ZNF581,-7.138088722800577e-05
TFs_and_others_DDX21,-4.56281576000866e-05
TFs_and_others_PRMT3,-7.174802371458424e-05
TFs_and_others_LMNA,-5.231235975616555e-05
TFs_and_others_BANP,-7.401968433971532e-05
TFs_and_others_ZHX1,-6.462322027223664e-05
TFs_and_others_RBM25,-9.404016155093256e-05
Histone_H3K27me2,-7.953392202071696e-05
TFs_and_others_ZNF557,-7.701890693472234e-05
TFs_and_others_USF2,-8.993350751969362e-05
TFs_and_others_RFX1,-8.234858218036044e-05
TFs_and_others_HOXD13,-8.280144333229864e-05
Histone_macroH2A2,-7.965935774480357e-05
TFs_and_others_MED21,-7.698276219934462e-05
TFs_and_others_INTS6,-7.012910954592479e-05
Histone_H4K20me2,-6.454674708355603e-05
TFs_and_others_AFF1,-8.37557120049865e-05
TFs_and_others_ETS2,-7.236664886240642e-05
TFs_and_others_CHD2,-6.22589109994806e-05
TFs_and_others_ZBTB44,-6.581731944554561e-05
TFs_and_others_EEA1,-6.875972568841043e-05
TFs_and_others_ZNF292,-9.037183351999149e-05
TFs_and_others_MKL1,-8.44657202674519e-05
TFs_and_others_TWIST1,-0.00014955135449623105
TFs_and_others_THAP8,-8.761442389004865e-05
TFs_and_others_ZNF398,-9.698503771239685e-05
TFs_and_others_SPIN1,-7.58607041358465e-05
TFs_and_others_FOXC1,-0.00010102988972190945
TFs_and_others_NUFIP1,-7.5990992730078e-05
TFs_and_others_TSHZ2,-8.34653663545073e-05
TFs_and_others_GUCY1B3,-6.840755506254664e-05
TFs_and_others_BrdU,-8.179699997529163e-05
TFs_and_others_JMJD1C,-6.803701392421768e-05
TFs_and_others_MGMT,-7.956079016889495e-05
Histone_H3S10ph,-6.127367526796563e-05
TFs_and_others_ZNF280B,-8.474971275892484e-05
TFs_and_others_CDK9,-6.339981508276606e-05
TFs_and_others_ZNF391,-7.275445245532794e-05
TFs_and_others_ZNF407,-6.027685457095999e-05
TFs_and_others_RAD21L1,-7.894173974360387e-05
TFs_and_others_DPF1,-6.423559520528909e-05
TFs_and_others_SKI,-8.001412146025922e-05
TFs_and_others_MCM2,-8.836997188207413e-05
TFs_and_others_GRHL1,-8.146321320493116e-05
TFs_and_others_ZFP64,-8.594516731309662e-05
TFs_and_others_ZNF143,-7.88983894671526e-05
TFs_and_others_MEIS2,-0.00011146571494611706
TFs_and_others_USP7,-7.470639844662205e-05
TFs_and_others_HOXB13,-0.0001367185522158846
TFs_and_others_N6AMT1,-7.322937263915398e-05
TFs_and_others_MLLT6,-8.652036317159035e-05
TFs_and_others_NUSAP1,-5.869572292945481e-05
TFs_and_others_ONECUT2,-0.00010233851920087009
Histone_H2A,-7.208335716177168e-05
TFs_and_others_TCFL5,-7.47838401334008e-05
TFs_and_others_ERF,-6.26440044615584e-05
TFs_and_others_AAV Rep68,-7.702317893467174e-05
TFs_and_others_ZNF432,-6.939373763132962e-05
TFs_and_others_ZMYND8,-8.396329066858226e-05
TFs_and_others_GATA6,-8.245914701669075e-05
TFs_and_others_SRPK2,-7.182195677678416e-05
TFs_and_others_ZNF592,-6.575203202272607e-05
Histone_H3T45ph,-7.249044145234819e-05
TFs_and_others_RPA2,-6.003546211419031e-05
TFs_and_others_ZBTB25,-6.711583387759127e-05
TFs_and_others_ZNF607,-5.41049357554383e-05
TFs_and_others_PHF5A,-7.795345578161922e-05
TFs_and_others_WT1,-6.565620678544164e-05
TFs_and_others_MEF2C,-8.732704261020849e-05
TFs_and_others_ETS1,-7.064459616025497e-05
TFs_and_others_CPSF7,-8.55351531546014e-05
TFs_and_others_NR2E1,-6.795915398040939e-05
TFs_and_others_ZNF384,-0.0001234616397295271
TFs_and_others_ZNF460,-8.846286986181429e-05
TFs_and_others_FOXF1,-8.88475233099601e-05
TFs_and_others_CCNT2,-5.91871690453857e-05
TFs_and_others_NCOR1,-0.00010227843821831819
TFs_and_others_ZHX3,-8.431675369368426e-05
TFs_and_others_NKX2-3,-7.504284830033676e-05
TFs_and_others_RNF2,-9.976642775143511e-05
TFs_and_others_HOXA5,-7.22494734283378e-05
Histone_H3R26cit,-7.962130494625685e-05
TFs_and_others_ZNF138,-8.278686824814142e-05
TFs_and_others_LMNB1,-9.077927503815231e-05
Histone_H3ac,-0.00012386094922447755
TFs_and_others_FOXH1,-9.870514435977358e-05
TFs_and_others_ELF4,-6.818814856007332e-05
TFs_and_others_DCP2,-7.927969014680445e-05
TFs_and_others_PHF19,-7.220385202191431e-05
TFs_and_others_KLF3,-8.705424183547676e-05
TFs_and_others_GATA1,-0.00012259543302501504
TFs_and_others_LHX6,-8.816531146164062e-05
TFs_and_others_ZNF133,-7.577159477771622e-05
TFs_and_others_ZNF343,-7.208521321419974e-05
TFs_and_others_FOXC2,-6.191835962007596e-05
TFs_and_others_SUMO2,-7.286562944419229e-05
TFs_and_others_ZNF883,-8.200473794355427e-05
TFs_and_others_NCOA4,-5.7564129102683425e-05
TFs_and_others_ZBTB9,-5.696637788784833e-05
TFs_and_others_MBD1,-5.0039860496820845e-05
TFs_and_others_GFI1B,-6.0159991551042e-05
Histone_H3.3 K27M mutant,-5.225990593649636e-05
TFs_and_others_ZNF334,-5.71348607113794e-05
TFs_and_others_NR4A1,-6.068192361377255e-05
TFs_and_others_GLI4,-5.339688176832397e-05
TFs_and_others_KLF10,-5.169481259688349e-05
TFs_and_others_REL,-4.8408922197893165e-05
Histone_H3R3me2,-5.587801503970203e-05
TFs_and_others_ZNF596,-5.2924455595915185e-05
TFs_and_others_ZNF347,-5.6092540350841855e-05
TFs_and_others_Cyclobutane pyrimidine dimers,-6.0582714962996484e-05
TFs_and_others_ZNF761,-5.853437590545851e-05
TFs_and_others_AATF,-6.886698270385166e-05
TFs_and_others_CUL4A,-5.742810524106045e-05
TFs_and_others_TCF7,-8.087265176982265e-05
TFs_and_others_FXR2,-6.009896117464987e-05
TFs_and_others_TFAM,-6.82797038966419e-05
TFs_and_others_MYF5,-4.586411763155434e-05
TFs_and_others_ORC1,-6.245394130863508e-05
TFs_and_others_POGZ,-5.041457259138304e-05
TFs_and_others_TCEA2,-7.010667255151048e-05
TFs_and_others_RIOK2,-5.444393221241066e-05
TFs_and_others_NCOR2,-6.385923352673709e-05
TFs_and_others_MAPK14,-6.026856518989434e-05
TFs_and_others_YEATS2,-6.425836688145918e-05
TFs_and_others_PIAS4,-7.058837857826894e-05
TFs_and_others_PRDM15,-7.394766933985259e-05
TFs_and_others_MEF2D,-7.951789164490521e-05
TFs_and_others_RBBP7,-8.204343883949488e-05
Histone_H1K85ac,-7.03838866407143e-05
TFs_and_others_SMARCD1,-6.808044201854809e-05
TFs_and_others_SOX3,-7.042547190863645e-05
TFs_and_others_TFB2M,-8.231641748453119e-05
TFs_and_others_ZNF124,-5.523502485197289e-05
TFs_and_others_YY2,-6.332796958581823e-05
TFs_and_others_ZNF586,-6.176350800778301e-05
TFs_and_others_RCOR1,-5.9121003489807414e-05
TFs_and_others_TCF7L2,-6.411949847026466e-05
TFs_and_others_ZNF184,-5.897436525283259e-05
TFs_and_others_FGFR1,-7.468518152664718e-05
TFs_and_others_SFPQ,-8.118146590849353e-05
Histone_H3K122ac,-0.00013491889203558205
TFs_and_others_HMGA1,-8.331386741627141e-05
TFs_and_others_CDK12,-8.600038534630355e-05
TFs_and_others_EMSY,-9.300275285558525e-05
TFs_and_others_BRD2,-0.0001672356174741029
TFs_and_others_BARX1,-0.00010733954388591735
TFs_and_others_ZNF507,-8.529826714274472e-05
TFs_and_others_MAP1LC3B,-8.08878510058198e-05
TFs_and_others_Hepatitis B Virus X antigen,-8.947495873929338e-05
TFs_and_others_ZNF511,-8.318725545633823e-05
TFs_and_others_ZMAT5,-7.206117943363893e-05
TFs_and_others_KDM5D,-8.274180342218589e-05
TFs_and_others_ZFP30,-7.211805821670528e-05
TFs_and_others_ELL2,-7.770917502987343e-05
TFs_and_others_TAZ,-7.857354406699745e-05
TFs_and_others_NKX2-1,-9.481169684271822e-05
TFs_and_others_HOXA13,-7.719905863724647e-05
TFs_and_others_RAG2,-8.160751200146211e-05
TFs_and_others_POLR2C,-8.199761334337321e-05
TFs_and_others_RXRA,-9.492663318779583e-05
TFs_and_others_ZSCAN5C,-8.019622608605923e-05
TFs_and_others_ZBTB20,-6.549549290246728e-05
TFs_and_others_HOXB5,-6.247055800417085e-05
TFs_and_others_PBX2,-6.684440118509431e-05
Histone_H3K14ac,-7.08834634095705e-05
TFs_and_others_SS18,-8.60674507638903e-05
TFs_and_others_BCL6B,-7.480140784146831e-05
TFs_and_others_EVX1,-6.698416499257132e-05
TFs_and_others_ZBTB39,-6.323586650352449e-05
TFs_and_others_ADAR,-7.366843215997415e-05
TFs_and_others_ATAD3A,-6.619374355185604e-05
TFs_and_others_RING1,-7.908839454912788e-05
TFs_and_others_SF3B1,-0.00016194699862332978
TFs_and_others_TGIF2,-0.0001244432453914903
Histone_H3K36me3,-0.00034071607567174043
TFs_and_others_KLF11,-0.00013122039825222342
TFs_and_others_SREBF2,-0.00010588808812501355
TFs_and_others_KAT8,-7.053702053434414e-05
TFs_and_others_HSF1,-5.8873641041962667e-05
TFs_and_others_RUVBL2,-7.608729867989715e-05
TFs_and_others_E2F5,-6.782473496411351e-05
TFs_and_others_ELAVL1,-7.55867649118482e-05
TFs_and_others_PLRG1,-7.042757345053486e-05
Histone_H3K9K14K18K23K27ac,-6.252706366615519e-05
TFs_and_others_SUPT6H,-8.420467534469105e-05
TFs_and_others_NEDD4,-7.05536003759009e-05
TFs_and_others_HOXD9,-7.839500530492491e-05
TFs_and_others_ZNF687,-0.0001121941441559545
TFs_and_others_XRCC3,-9.29960684720149e-05
TFs_and_others_ASCL1,-0.00016526912586414715
TFs_and_others_ZNF23,-9.014741663062705e-05
TFs_and_others_BRWD1,-0.00013722706495964982
TFs_and_others_WAS,-9.609048494599044e-05
Histone_H3K9ac,-0.0002631747952722352
TFs_and_others_ZFP62,-0.00012352759902132282
TFs_and_others_ZNF543,-0.00010882175113144623
TFs_and_others_ZNF513,-7.104814269961513e-05
RNA_polymerase_POLR2A,-8.450046339153736e-05
TFs_and_others_ULK3,-8.002867534442313e-05
TFs_and_others_HOXC8,-6.147223225217424e-05
TFs_and_others_GZF1,-7.068270523826262e-05
TFs_and_others_POU2F2,-7.994001711311985e-05
TFs_and_others_ZNF785,-7.82635985857622e-05
TFs_and_others_PROSER1,-8.048540011960242e-05
TFs_and_others_ZBTB43,-7.234667660945881e-05
TFs_and_others_BCOR,-0.00010850850524121352
TFs_and_others_ZBTB42,-7.885180437837919e-05
TFs_and_others_MYRF,-6.211279124186064e-05
TFs_and_others_PIAS1,-6.082241611021549e-05
Histone_H2BK120ac,-6.023073247737398e-05
TFs_and_others_TCF7L1,-6.185020249612729e-05
TFs_and_others_THAP9,-6.328768215631004e-05
TFs_and_others_CLOCK,-6.881228847290478e-05
RNA_polymerase_POLR2M,-6.534902603652519e-05
TFs_and_others_ARNTL2,-5.9864139560193664e-05
TFs_and_others_IKZF3,-7.192531956161758e-05
TFs_and_others_STAT6,-7.02235813886237e-05
TFs_and_others_HLF,-8.806666954672104e-05
TFs_and_others_MED7,-6.428611536799679e-05
TFs_and_others_PRMT5,-6.377435399955889e-05
TFs_and_others_ZNF354C,-6.211313953488024e-05
TFs_and_others_JADE3,-7.05855842592926e-05
TFs_and_others_WAPL,-8.027919803719855e-05
TFs_and_others_VSX2,-6.517476781242887e-05
TFs_and_others_CBFA2T3,-8.753841517139351e-05
TFs_and_others_ZNF710,-6.660498009339432e-05
TFs_and_others_ZFP2,-8.385560115348017e-05
TFs_and_others_BRD9,-6.932953177284726e-05
TFs_and_others_ZNF92,-7.515169104073195e-05
TFs_and_others_GATA4,-7.129252813647696e-05
TFs_and_others_EGFR,-6.643709590688046e-05
TFs_and_others_ATOH8,-7.626010699582076e-05
TFs_and_others_DR1,-6.180287346465861e-05
TFs_and_others_FOXP1,-9.965360708423996e-05
TFs_and_others_ZNF530,-6.869464988647043e-05
Histone_H4K5cr,-8.09450515287482e-05
TFs_and_others_ZNF280A,-6.207727576989068e-05
TFs_and_others_SLFN5,-7.64676627485251e-05
TFs_and_others_CDX1,-6.825754386286305e-05
TFs_and_others_MYF6,-6.892638152081816e-05
TFs_and_others_ZNF317,-6.0378653435933736e-05
TFs_and_others_ESRRB,-7.033515335482153e-05
TFs_and_others_XPO1,-7.580600988298774e-05
TFs_and_others_HECTD1,-7.291946134292239e-05
TFs_and_others_G-quadruplexes,-6.842763191510325e-05
TFs_and_others_HES7,-7.528037853759877e-05
TFs_and_others_TFAP4,-8.32549214079717e-05
Histone_H3.7,-7.688267334267329e-05
TFs_and_others_ALYREF,-6.843533576646646e-05
TFs_and_others_HIVEP3,-7.843355404913441e-05
Histone_H3T6ph,-5.894577470267735e-05
TFs_and_others_ESRRA,-7.069610117471412e-05
TFs_and_others_ZNF704,-6.156651048794047e-05
TFs_and_others_ZNF778,-0.00010426808560789733
TFs_and_others_ZIC5,-7.717020650852895e-05
TFs_and_others_GFP,-0.00019430668815644363
TFs_and_others_PCGF5,-9.737027984762359e-05
TFs_and_others_PRAME,-7.688283710010858e-05
TFs_and_others_SP140L,-5.63956339455792e-05
TFs_and_others_AEBP2,-4.763278611039089e-05
TFs_and_others_ZBTB4,-6.0405013362242745e-05
TFs_and_others_GATAD2A,-5.782822272278308e-05
TFs_and_others_ZNF556,-6.689272685678006e-05
TFs_and_others_ZNF615,-4.323504735203986e-05
TFs_and_others_CARM1,-6.787981923967899e-05
TFs_and_others_GTF2I,-5.569462770642548e-05
TFs_and_others_SOX5,-6.742446844269377e-05
TFs_and_others_ZBTB14,-5.440743971897154e-05
TFs_and_others_ZNF571,-6.404004217445424e-05
TFs_and_others_CREB1,-9.64463328896778e-05
TFs_and_others_NUP98,-7.356062969035617e-05
TFs_and_others_QRICH1,-5.613708911483244e-05
TFs_and_others_TRRAP,-6.509359088502576e-05
TFs_and_others_PHB,-6.114127613071725e-05
TFs_and_others_NHLH1,-6.823032410178523e-05
TFs_and_others_PARK7,-6.90884342651029e-05
TFs_and_others_BRCA2,-9.023317524313301e-05
TFs_and_others_BRPF1,-6.510184592206003e-05
TFs_and_others_TDRD3,-8.002417369575852e-05
Histone_H1B,-7.038785455216302e-05
TFs_and_others_HNF1B,-9.589692774503897e-05
TFs_and_others_ZFP91,-8.026085201308054e-05
TFs_and_others_JARID2,-7.544492339010909e-05
TFs_and_others_TBP,-7.13896047955876e-05
TFs_and_others_THAP1,-7.967118404862878e-05
TFs_and_others_SRSF1,-6.264891532962599e-05
TFs_and_others_HOXB7,-5.577739999370519e-05
Histone_H3S28ph,-6.794088150491404e-05
TFs_and_others_ZNF155,-7.153662868302717e-05
TFs_and_others_RB1,-7.129014688831068e-05
TFs_and_others_KDM1A,-0.00011812385549870072
TFs_and_others_LMO2,-8.932567528533964e-05
TFs_and_others_TERF1,-8.210174345892927e-05
TFs_and_others_ATM,-6.190801664832049e-05
TFs_and_others_ZNF16,-8.037847625453976e-05
TFs_and_others_CDK6,-5.74599034911373e-05
TFs_and_others_DLX4,-0.0001004424368538388
TFs_and_others_ZNF8,-6.838804126982143e-05
TFs_and_others_NRL,-0.00010284088619198463
TFs_and_others_IFI16,-7.197281308048367e-05
TFs_and_others_EOMES,-0.00011546716806682649
TFs_and_others_TRP47,-8.417971419927919e-05
TFs_and_others_IRF3,-0.00011433920695950627
TFs_and_others_ZBTB12,-8.072183426101055e-05
TFs_and_others_CBFA2T2,-9.483477215443002e-05
TFs_and_others_KDM4B,-7.338801161141225e-05
Histone_H3K4ox,-7.291882474798134e-05
TFs_and_others_TBPL1,-7.856750284327149e-05
TFs_and_others_ZNF257,-7.003643434937867e-05
TFs_and_others_ZNF664,-7.914343454561208e-05
TFs_and_others_RBM17,-5.671090526580258e-05
TFs_and_others_ZFX,-0.00010602808307147198
TFs_and_others_PDS5A,-7.868574902835984e-05
TFs_and_others_TP63,-0.00013811994138044554
TFs_and_others_ZBTB17,-7.941322627366316e-05
TFs_and_others_ZNF660,-6.79868748578107e-05
TFs_and_others_RAC1,-6.595511017811946e-05
TFs_and_others_ZMAT4,-6.177857251754977e-05
TFs_and_others_ATOH1,-6.635612728116532e-05
TFs_and_others_HDAC6,-5.820220626272876e-05
TFs_and_others_ZNF146,-7.070597337021214e-05
TFs_and_others_MXD3,-5.759671742012219e-05
TFs_and_others_ASXL1,-5.378881349049658e-05
TFs_and_others_HNRNPLL,-7.35692809431699e-05
TFs_and_others_ZNF768,-6.787735167040802e-05
Histone_H3R2me2,-7.27872212920956e-05
TFs_and_others_PHTF2,-4.947071955170319e-05
TFs_and_others_MYC,-9.772657320342439e-05
TFs_and_others_KDM4C,-6.969426739997204e-05
TFs_and_others_HMGN1,-7.383671572828682e-05
Histone_H3K18cr,-7.955547895777571e-05
TFs_and_others_SALL2,-6.751746227056766e-05
TFs_and_others_FOXB1,-5.767390009306663e-05
TFs_and_others_MYB,-7.60061735760754e-05
TFs_and_others_TOX,-6.351187234583749e-05
TFs_and_others_NFKB2,-7.502823250814127e-05
Histone_H2AK9ac,-4.88310814799857e-05
TFs_and_others_IGF1,-8.413303376144351e-05
TFs_and_others_KLF16,-6.107259260164268e-05
TFs_and_others_PBX4,-0.00011227541111513055
TFs_and_others_POLA1,-6.076732396124597e-05
TFs_and_others_PKNOX1,-8.942148761373904e-05
TFs_and_others_CBX3,-7.07574801230322e-05
TFs_and_others_pFM2,-8.381844022158082e-05
TFs_and_others_ZNF230,-5.2881645606958137e-05
TFs_and_others_ZNF764,-6.876195128349988e-05
TFs_and_others_ZNF169,-5.6750555172670914e-05
TFs_and_others_CUX1,-7.580536494231554e-05
Histone_H2AK5ac,-6.420818648271846e-05
TFs_and_others_DMAP1,-7.533300677410784e-05
TFs_and_others_TAF1C,-7.171945073064619e-05
TFs_and_others_SIPA1,-7.316905326682004e-05
TFs_and_others_ETV5,-8.863134488297526e-05
TFs_and_others_POLR3C,-6.546776354126842e-05
TFs_and_others_BATF3,-0.00010771088699695215
TFs_and_others_ZNF816,-7.23862476904834e-05
Histone_H3K9Kac,-0.00010755452941617464
TFs_and_others_SUV39H1,-6.0270561681850266e-05
TFs_and_others_SMAD1,-9.604501665296233e-05
TFs_and_others_CBX7,-0.00022356798236464504
TFs_and_others_FXR1,-0.0001857755886771437
Histone_H3K27me3,-0.0006816002874694519
TFs_and_others_HBP1,-0.0002636465395402535
TFs_and_others_ZNF12,-0.00015888278329014078
TFs_and_others_CERS6,-8.74780276451656e-05
TFs_and_others_NFATC1,-4.493979339372379e-05
TFs_and_others_ZNF441,-6.366472656521016e-05
TFs_and_others_ZIC2,-4.950199968388921e-05
TFs_and_others_CPSF1,-8.002975635721426e-05
TFs_and_others_MIF,-4.768695727777909e-05
TFs_and_others_GTF2E2,-5.732610507115696e-05
Histone_H3.5,-4.863225809636199e-05
TFs_and_others_BPTF,-5.3441459144801476e-05
TFs_and_others_HSF2,-5.306430540842182e-05
TFs_and_others_MEPCE,-6.0673114778463264e-05
TFs_and_others_ISL2,-5.592177846796722e-05
TFs_and_others_TARDBP,-5.962384053318698e-05
TFs_and_others_MYCN,-6.421830044171708e-05
TFs_and_others_PPARG,-8.822729869331855e-05
TFs_and_others_ZNF766,-4.6526695816080394e-05
TFs_and_others_PALB2,-5.864245571652932e-05
TFs_and_others_PLAG1,-4.2263258853920597e-05
TFs_and_others_ZNF654,-8.371938227205517e-05
TFs_and_others_BMI1,-5.20742124234855e-05
TFs_and_others_RUNX1,-0.00011967541399005568
TFs_and_others_HOXB2,-7.647001709432025e-05
TFs_and_others_C10orf12,-5.82645542685732e-05
TFs_and_others_ZNF225,-6.946682168072707e-05
TFs_and_others_ZNF446,-5.513350340023926e-05
TFs_and_others_ZNF404,-7.845990491487283e-05
TFs_and_others_ETV6,-7.624568913163228e-05
TFs_and_others_CTBP1,-0.0001066386029089773
TFs_and_others_ZNF552,-5.840244712592363e-05
TFs_and_others_ZNF260,-7.971065358957845e-05
TFs_and_others_BCL11A,-5.354990536288014e-05
TFs_and_others_MLXIP,-8.508074936559734e-05
TFs_and_others_MAFK,-0.0002892055898680524
TFs_and_others_SMC4,-0.00020269696511142165
Histone_H3K4me1,-0.0009071127868908158
TFs_and_others_SUPT20H,-0.0003401900945114017
Histone_H3K28ac,-0.00022071325514515174
TFs_and_others_SMN1,-7.309405233333873e-05
TFs_and_others_CASP8AP2,-6.183207818085188e-05
TFs_and_others_ZNF41,-7.709856229874285e-05
TFs_and_others_WDR61,-7.930397595378595e-05
TFs_and_others_PPARD,-8.640982039928534e-05
Histone_H3K31ac,-7.650752867296133e-05
TFs_and_others_DLX6,-9.575165098007831e-05
TFs_and_others_ZNF180,-8.439577775359136e-05
TFs_and_others_TAL1,-0.0001358737291877572
TFs_and_others_BHLHE41,-8.741608989588858e-05
TFs_and_others_JUND,-0.00010281715255855524
TFs_and_others_CHCHD3,-6.739398467577586e-05
TFs_and_others_MAML3,-7.65577915509396e-05
TFs_and_others_CDX4,-6.204318061661752e-05
TFs_and_others_CREM,-6.130385716785688e-05
TFs_and_others_ZSCAN18,-6.0250304992903756e-05
TFs_and_others_HNF1A,-7.288551653322005e-05
TFs_and_others_NCOA2,-6.297947997440977e-05
TFs_and_others_CNOT3,-8.8680306997012e-05
TFs_and_others_HK2,-7.302690755054966e-05
TFs_and_others_NANOG,-0.00017243138886365283
TFs_and_others_ZNF425,-9.581513407211961e-05
TFs_and_others_ZSCAN23,-7.992870942862088e-05
TFs_and_others_MLLT10,-5.3290774383820495e-05
TFs_and_others_TP53BP1,-8.880174733385606e-05
TFs_and_others_FAM208A,-6.932266936178079e-05
TFs_and_others_DMRT2,-7.090002423535376e-05
TFs_and_others_CIZ1,-5.933138227444634e-05
TFs_and_others_EGR2,-7.527716137536597e-05
TFs_and_others_ZNF7,-6.735978029593881e-05
TFs_and_others_OLA1,-7.802695221288757e-05
TFs_and_others_PITX3,-7.684054162185615e-05
TFs_and_others_SKP2,-7.952703347013522e-05
TFs_and_others_FUBP1,-7.70039654707489e-05
TFs_and_others_DCP1A,-6.414822474550141e-05
TFs_and_others_MED22,-6.953055438207929e-05
Histone_H3K4ac,-7.459198977777358e-05
TFs_and_others_SMARCE1,-7.813132796291101e-05
TFs_and_others_TIGD3,-5.84295550642405e-05
TFs_and_others_GLI2,-6.530543872068414e-05
TFs_and_others_SCRT1,-6.430329771877902e-05
TFs_and_others_CDKN1B,-7.875353383628146e-05
TFs_and_others_INTS3,-8.192357391171987e-05
TFs_and_others_ZNF438,-8.41935082593561e-05
TFs_and_others_FOXO1,-8.858546727926657e-05
TFs_and_others_RFXANK,-8.129242651169953e-05
TFs_and_others_BEND3,-7.382991843747404e-05
TFs_and_others_MED8,-8.749238041165526e-05
TFs_and_others_CUL4B,-8.459707070816325e-05
TFs_and_others_VCP,-0.0001244538276226748
TFs_and_others_HHEX,-0.00010406068523231694
Histone_H3,-0.00021036769443134396
RNA_polymerase_POLR1D,-0.00011004245059877669
TFs_and_others_ZNF430,-9.126134286087332e-05
TFs_and_others_CSNK2A1,-6.745229631417706e-05
TFs_and_others_TFAP2B,-6.97359767271531e-05
TFs_and_others_EWSR1,-8.264690690540495e-05
TFs_and_others_ZNF416,-6.82973806294778e-05
TFs_and_others_TRPS1,-8.352117620652737e-05
TFs_and_others_MED26,-8.959561791085726e-05
TFs_and_others_ZNF33A,-7.865196903826466e-05
TFs_and_others_XRCC4,-6.285154071156524e-05
TFs_and_others_NR0B1,-7.709656700440176e-05
TFs_and_others_KAT2A,-5.558926569283268e-05
TFs_and_others_ZFP42,-7.497402339772456e-05
Histone_H1,-5.509036802095362e-05
TFs_and_others_ZEB1,-9.2688325167056e-05
TFs_and_others_PAX9,-6.779385741051865e-05
TFs_and_others_DEK,-8.255763566501976e-05
TFs_and_others_MEF2A,-6.249941276954477e-05
TFs_and_others_ZNF227,-8.70163558798807e-05
Histone_H3K9me1,-7.738569376270107e-05
TFs_and_others_PADI2,-8.416212291954923e-05
TFs_and_others_KDM5A,-8.293639317589327e-05
TFs_and_others_ZNF335,-7.859911827152674e-05
TFs_and_others_SIN3A,-0.00011525078381196539
TFs_and_others_HMGA2,-9.130810414342907e-05
TFs_and_others_TLE3,-0.00017080362389073971
TFs_and_others_ISX,-7.348342686408531e-05
TFs_and_others_NR3C2,-0.00010000252611637983
TFs_and_others_SP3,-5.114053588819668e-05
TFs_and_others_ADNP2,-9.210663718725542e-05
TFs_and_others_CIC,-5.517975109732982e-05
TFs_and_others_IRF2,-6.798757819911281e-05
TFs_and_others_HEY1,-6.19510742236246e-05
TFs_and_others_ZNF501,-5.391565417882387e-05
RNA_polymerase_POLR2B,-6.237464725327411e-05
TFs_and_others_TBL1XR1,-5.1405236222581785e-05
TFs_and_others_HOXC11,-7.937968107998684e-05
TFs_and_others_RERE,-5.081267809406906e-05
TFs_and_others_CREB3,-8.602566190489137e-05
TFs_and_others_CCAR2,-4.9062531797822953e-05
Histone_macroH2A1,-8.892083978580228e-05
TFs_and_others_SUMO1,-4.84279577861571e-05
TFs_and_others_SOX18,-7.88086000164187e-05
TFs_and_others_ZNF30,-5.281535575730576e-05
TFs_and_others_TRAFD1,-8.764844256213054e-05
Histone_H3K14cr,-5.215006066421283e-05
TFs_and_others_ZNF426,-7.628462218153607e-05
TFs_and_others_PTEN,-6.791851230638157e-05
TFs_and_others_ARID4A,-8.694537470979408e-05
TFs_and_others_ZMIZ1,-6.613718724902001e-05
TFs_and_others_CTCFL,-7.089543333002635e-05
TFs_and_others_DOT1L,-7.21084493760739e-05
TFs_and_others_ZBTB6,-6.622124517796434e-05
TFs_and_others_SIX4,-7.439792507860061e-05
TFs_and_others_PCF11,-7.175826351078295e-05
TFs_and_others_ZNF263,-8.726029423995192e-05
TFs_and_others_CREB5,-7.805915948326574e-05
RNA_polymerase_POLR3C,-7.170882342219603e-05
TFs_and_others_TRIM37,-7.452486595911348e-05
TFs_and_others_ZNF662,-7.174068489573666e-05
Histone_H2A.Z.1,-7.620453469574824e-05
TFs_and_others_QSER1,-8.668026512057268e-05
TFs_and_others_DROSHA,-8.437994820447849e-05
TFs_and_others_FOXJ2,-7.702196240233033e-05
TFs_and_others_GRWD1,-7.839491877457256e-05
TFs_and_others_TOE1,-7.009632236283746e-05
TFs_and_others_NXF1,-7.434633788665904e-05
TFs_and_others_ZBTB2,-7.798294713609088e-05
TFs_and_others_ZZZ3,-6.838076409605827e-05
TFs_and_others_ARID3B,-7.250055928776256e-05
TFs_and_others_HOXD1,-6.449484110600266e-05
TFs_and_others_KLF12,-7.689105385576104e-05
TFs_and_others_KLF4,-8.686333952412745e-05
TFs_and_others_RFX3,-7.397268256367721e-05
TFs_and_others_RBM22,-6.104086293237699e-05
TFs_and_others_NELFB,-7.558367153742464e-05
TFs_and_others_CC2D1A,-6.975044706454256e-05
TFs_and_others_PBX1,-0.0001042568478966871
TFs_and_others_ZNF629,-7.143921660701025e-05
TFs_and_others_FOSL2,-9.849753566879148e-05
TFs_and_others_NKX2-5,-7.58321557671578e-05
TFs_and_others_TRF2,-7.741042687872838e-05
TFs_and_others_MKL2,-7.98120437262514e-05
TFs_and_others_ARID2,-7.242590800957116e-05
Histone_H3.3,-0.00010623979833351842
Histone_H4K5K8K12ac,-7.337849527216492e-05
TFs_and_others_NELFA,-8.401869930251595e-05
TFs_and_others_ZC3H10,-7.135704606272656e-05
TFs_and_others_NR1I2,-8.671687075895371e-05
TFs_and_others_STAT1,-8.707301611584677e-05
TFs_and_others_NLRP2,-7.491403584570896e-05
TFs_and_others_DAXX,-6.124776653735759e-05
TFs_and_others_NAB2,-6.66680702519509e-05
TFs_and_others_HNRNPA2B1,-5.714286529157021e-05
TFs_and_others_MBD5,-9.260889868071282e-05
TFs_and_others_GATAD1,-7.782913999520514e-05
Histone_H2A.Zac,-0.00021201782129723177
TFs_and_others_MCM3,-9.453992744229684e-05
TFs_and_others_G-quadruplex,-8.594243779559485e-05
Histone_H1.4K34ac,-5.7276576111172763e-05
TFs_and_others_ZBTB11,-8.3635569423416e-05
TFs_and_others_ZNF709,-5.6647516503644537e-05
TFs_and_others_TRERF1,-5.841736439142055e-05
Histone_H3K30ac,-6.427653729487776e-05
TFs_and_others_RCOR3,-6.882562594871661e-05
TFs_and_others_ZNF175,-6.0595298924751974e-05
TFs_and_others_ZNF491,-7.812307005281633e-05
TFs_and_others_DYRK1A,-8.350993738792413e-05
TFs_and_others_NUP153,-9.291509974380938e-05
TFs_and_others_ZNF485,-9.30749716926465e-05
TFs_and_others_HOXA11,-9.466959923215441e-05
TFs_and_others_TCF3,-0.00013903852753138895
TFs_and_others_DRAP1,-0.00011499705843632957
TFs_and_others_ZNF652,-8.771990197940895e-05
TFs_and_others_TFAP2C,-0.00011994651454350782
TFs_and_others_RYBP,-6.840720266347956e-05
TFs_and_others_GREB1,-6.913783780663604e-05
TFs_and_others_ZBED1,-6.15300650999894e-05
TFs_and_others_ZNF333,-7.96932222569368e-05
TFs_and_others_HMGN2,-6.381969367170122e-05
TFs_and_others_ARID1A,-0.00010214239749356264
Histone_H1.2,-7.404658387848414e-05
TFs_and_others_PRDM10,-9.183914490192611e-05
TFs_and_others_ZNF561,-7.150295393260312e-05
TFs_and_others_ZSCAN32,-8.000653361439782e-05
TFs_and_others_LIN28B,-6.672258580639782e-05
TFs_and_others_HOXB8,-7.484045447665756e-05
TFs_and_others_CBFB,-8.51203450274696e-05
TFs_and_others_INTS13,-8.95102255719861e-05
TFs_and_others_IKZF1,-0.0001360990818745266
TFs_and_others_ZNF341,-0.00010477657675441017
TFs_and_others_MED1,-0.00013671756132737874
TFs_and_others_SMC1B,-9.592654022050088e-05
TFs_and_others_ZNF346,-7.413911213000827e-05
TFs_and_others_OLIG2,-7.306937889024653e-05
TFs_and_others_YBX3,-5.9374771170566564e-05
TFs_and_others_NFE2L1,-6.905187129511399e-05
TFs_and_others_KLF1,-6.543580869601806e-05
TFs_and_others_PAD2,-7.420886749760766e-05
TFs_and_others_TSC22D2,-6.150728139062747e-05
TFs_and_others_ZNF19,-7.789354691594998e-05
TFs_and_others_NFYC,-7.24651853892282e-05
TFs_and_others_SMARCC1,-0.00012000747016645355
TFs_and_others_NEUROD2,-7.597035304939073e-05
TFs_and_others_PHF10,-6.91463484439239e-05
TFs_and_others_FOXO4,-6.273516888570147e-05
TFs_and_others_TAF5L,-5.368499454091155e-05
TFs_and_others_SAFB,-5.339583902627205e-05
TFs_and_others_SNAPC2,-7.218159870781869e-05
TFs_and_others_SNAI1,-6.220294876613285e-05
TFs_and_others_RLF,-9.873135389209717e-05
TFs_and_others_KLF14,-5.6072888899948095e-05
TFs_and_others_GTF3C5,-0.00012782667569499385
TFs_and_others_E4F1,-0.00022552097076755762
TFs_and_others_ZNF451,-0.00022729551297634426
TFs_and_others_Epitope tags,-0.0006594671671837267
TFs_and_others_CDC73,-0.00032595434200042146
TFs_and_others_ELK1,-0.00018656114140841063
TFs_and_others_ZNF18,-0.00013222475221357638
TFs_and_others_NKRF,-7.367308893772928e-05
TFs_and_others_TEF,-8.409256064334275e-05
TFs_and_others_U2AF1,-0.00010271090508602514
TFs_and_others_EBNA3,-0.00011269703554171331
TFs_and_others_PHIP,-8.541473083703888e-05
TFs_and_others_HMGN4,-6.826532134922053e-05
TFs_and_others_NFKBIA,-8.035315426268885e-05
TFs_and_others_SMC1A,-0.00010841285706362206
Histone_H2A.Z.2,-0.00010051803874644098
TFs_and_others_TCEAL8,-6.450221687309019e-05
TFs_and_others_MPHOSPH8,-6.158224809523057e-05
TFs_and_others_ZNF48,-0.00011035361305377795
TFs_and_others_IRX2,-8.047979472085842e-05
TFs_and_others_NR3C1,-0.0002332313628035783
TFs_and_others_ZNF850,-0.00012081759185429105
TFs_and_others_ZCCHC11,-9.260323436611093e-05
TFs_and_others_SIRT6,-7.699814044196362e-05
TFs_and_others_SVIL,-7.916796320428595e-05
TFs_and_others_ZNF770,-8.15808455944329e-05
Histone_H4K12me1,-6.825468071410486e-05
TFs_and_others_HEXIM1,-8.776416271519736e-05
TFs_and_others_NOTCH3,-6.891902627402143e-05
TFs_and_others_RBM15,-5.614557733995859e-05
TFs_and_others_HIC2,-6.7208292259992e-05
TFs_and_others_HJURP,-5.3216514595486564e-05
Histone_H4K4me3,-6.121105003368282e-05
TFs_and_others_CAMTA2,-4.942897410706214e-05
TFs_and_others_NONO,-5.673258295985554e-05
TFs_and_others_BCL3,-4.677314047324039e-05
TFs_and_others_MBD6,-5.6386398512436455e-05
TFs_and_others_STAT5B,-4.912270189063854e-05
TFs_and_others_C17orf96,-7.203122074693268e-05
TFs_and_others_MAP2K1,-5.821853429576136e-05
TFs_and_others_ELL,-0.0001146184519733793
TFs_and_others_PHF8,-0.00010329729644036021
TFs_and_others_GATA2,-0.0002436772502176585
TFs_and_others_PML,-0.00012484133530533156
TFs_and_others_Pan-acetyllysine,-0.0001097031327802783
TFs_and_others_ZNF350,-6.885738057205179e-05
TFs_and_others_ZNF584,-8.771170643858732e-05
TFs_and_others_TAF15,-8.759175224351308e-05
TFs_and_others_ZNF624,-8.553544542162259e-05
TFs_and_others_BCORL1,-8.246386213425007e-05
TFs_and_others_ZNF516,-8.339852442148348e-05
TFs_and_others_BAHCC1,-6.16284576117653e-05
TFs_and_others_HOXC9,-7.322038707436148e-05
TFs_and_others_OVOL1,-6.28028825100111e-05
TFs_and_others_NFATC2,-6.50097837091024e-05
TFs_and_others_EBNA2,-6.582202265045899e-05
TFs_and_others_NR2F1,-8.245267906566904e-05
TFs_and_others_ZNF121,-7.270573839582544e-05
TFs_and_others_ZIK1,-6.156351181984831e-05
TFs_and_others_ZFP41,-7.091929431405906e-05
TFs_and_others_DNA2,-6.034978200831104e-05
TFs_and_others_FBP1,-5.898499853304508e-05
TFs_and_others_ZNF703,-6.296013447603589e-05
TFs_and_others_NCAPG2,-8.321128273219567e-05
TFs_and_others_BAHD1,-6.882682581604839e-05
TFs_and_others_STAG2,-0.00011114180008474779
TFs_and_others_ZNF791,-9.933447425026689e-05
TFs_and_others_ZNF300,-7.897770100546212e-05
Histone_H4K5K8ac,-0.00015417648153998381
TFs_and_others_ZBTB7B,-8.800769968345753e-05
TFs_and_others_SALL3,-7.911931963201838e-05
TFs_and_others_ILK,-5.999360311475476e-05
TFs_and_others_PPP2R1A,-6.86014193303862e-05
TFs_and_others_ZNF775,-6.022600145961564e-05
TFs_and_others_ZNF577,-7.492256337412285e-05
TFs_and_others_ZNF621,-6.971878710141475e-05
RNA_polymerase_RNA polymerase III,-6.42556035830644e-05
TFs_and_others_ONECUT1,-7.719861664782246e-05
TFs_and_others_ZNF549,-6.69778880575546e-05
TFs_and_others_ZNF547,-6.890379333421543e-05
TFs_and_others_PRPF4,-5.3233407844357126e-05
TFs_and_others_RUNX2,-0.00010169401195874487
TFs_and_others_LMO1,-6.791176642867912e-05
TFs_and_others_THRA,-6.976959353892924e-05
TFs_and_others_HMGXB3,-6.194507277358762e-05
TFs_and_others_MNT,-7.894046329938349e-05
TFs_and_others_INO80,-7.024581036261752e-05
TFs_and_others_ZNF579,-7.470776411962414e-05
TFs_and_others_DMTF1,-8.090412266482553e-05
TFs_and_others_CUL3,-7.719454970486134e-05
TFs_and_others_KAT6B,-0.00010380624058608463
TFs_and_others_JRK,-7.988912697180547e-05
TFs_and_others_SAMD1,-7.886148473455564e-05
TFs_and_others_ZNF224,-6.060351576684165e-05
TFs_and_others_INSR,-6.228130652450904e-05
TFs_and_others_THAP7,-5.768158788364752e-05
TFs_and_others_THOC5,-6.673978867491983e-05
TFs_and_others_ID2,-6.371758087996877e-05
TFs_and_others_KMT2D,-6.110944840297937e-05
TFs_and_others_ASPSCR1,-7.960196588674668e-05
TFs_and_others_TBL1Y,-5.97939135168722e-05
TFs_and_others_RHOXF2B,-6.931143085526932e-05
TFs_and_others_TET3,-5.796553832214095e-05
TFs_and_others_E2F1,-0.00010133005560907688
TFs_and_others_ZFP1,-6.817863328995693e-05
Histone_H3K32ac,-8.022043033967572e-05
TFs_and_others_TAF2,-7.294260866142135e-05
TFs_and_others_DNMT1,-6.263219498351347e-05
TFs_and_others_ZFP82,-6.943497575083462e-05
TFs_and_others_ZSCAN5B,-7.65539134041256e-05
TFs_and_others_ZNF773,-7.851858477220243e-05
TFs_and_others_ATF3,-0.00010603311105172301
TFs_and_others_MAFG,-8.56539382836476e-05
TFs_and_others_EP300,-0.00018955638907221516
TFs_and_others_PPP1R10,-9.519953550944357e-05
TFs_and_others_ZNF367,-7.636410938066433e-05
TFs_and_others_SRSF3,-5.231539116268008e-05
TFs_and_others_TAF7,-5.670675644779567e-05
TFs_and_others_NR2F6,-6.039000261211575e-05
TFs_and_others_ZNF25,-5.9964098315138695e-05
TFs_and_others_PRKDC,-5.975638820953436e-05
TFs_and_others_RBM39,-5.308686635264847e-05
TFs_and_others_SP7,-7.735892772814577e-05
TFs_and_others_RORB,-6.910200927715592e-05
TFs_and_others_RARA,-0.00013217928398263467
TFs_and_others_CEBPG,-8.365392874457573e-05
TFs_and_others_HDAC3,-7.17840976197289e-05
TFs_and_others_ZSCAN4,-5.237497825106674e-05
TFs_and_others_ZNF518B,-7.48354085263057e-05
TFs_and_others_ZGPAT,-6.02196538801549e-05
TFs_and_others_ZNF189,-6.442520272825005e-05
RNA_polymerase_POLR3G,-5.479327134774592e-05
TFs_and_others_EZH2,-9.44134108951636e-05
TFs_and_others_ZBTB3,-7.731750023963565e-05
TFs_and_others_ZMYM3,-0.00010955579946792524
TFs_and_others_HOMEZ,-7.741766537869686e-05
TFs_and_others_TCF4,-0.00012377883749592673
TFs_and_others_ZEB2,-8.107034797082438e-05
TFs_and_others_ERCC8,-0.00010763985944366596
TFs_and_others_ZNF44,-7.937011311736767e-05
TFs_and_others_PPARA,-8.6727960887948e-05
TFs_and_others_ZNF750,-6.739695427534939e-05
TFs_and_others_ZNF277,-7.147432429708303e-05
TFs_and_others_PAX7,-6.0427522790744746e-05
TFs_and_others_ZNF329,-7.25298577815135e-05
TFs_and_others_ARNT2,-6.315067924374041e-05
TFs_and_others_NR1D1,-7.372783209683754e-05
TFs_and_others_PHF21A,-6.350634471523181e-05
TFs_and_others_RNF219,-7.569634846167204e-05
TFs_and_others_ZNF37A,-5.415198918225343e-05
TFs_and_others_PCNA,-7.74569042049683e-05
TFs_and_others_GTF3A,-6.409243619290816e-05
Histone_H3K36me1,-7.712140589472019e-05
Histone_H4K8ac,-7.542979325269834e-05
TFs_and_others_STAT5A,-7.565013589049322e-05
RNA_polymerase_POLR3GL,-8.449927848640739e-05
TFs_and_others_ATXN7L3,-8.18594044518159e-05
TFs_and_others_PGR,-0.00015007611610254838
TFs_and_others_VEZF1,-0.00010051388031118733
TFs_and_others_SAP130,-0.00010580515541987816
TFs_and_others_ZNF250,-7.061481168163586e-05
TFs_and_others_GLMP,-7.430858674517954e-05
TFs_and_others_MTF1,-7.208752472216228e-05
TFs_and_others_ZNF483,-7.846758648656045e-05
TFs_and_others_ZNF548,-8.314391888724836e-05
TFs_and_others_EPCAM,-8.673836905758768e-05
TFs_and_others_JUN,-0.00014049937453964326
TFs_and_others_ZNF493,-9.433860759664582e-05
TFs_and_others_SOX15,-6.722128873947978e-05
TFs_and_others_ZNF383,-6.540003543670816e-05
TFs_and_others_CHUK,-5.673475138351032e-05
TFs_and_others_NR2E3,-5.33527903423462e-05
TFs_and_others_ZNF444,-4.910737943702159e-05
TFs_and_others_ZBTB10,-5.262874335978383e-05
TFs_and_others_LMO3,-0.00010168832008559446
TFs_and_others_CXXC5,-6.846373155121056e-05
TFs_and_others_GATA3,-0.00018991721281701204
TFs_and_others_F2RL1,-8.347185286242326e-05
TFs_and_others_MGEA5,-9.782243743578544e-05
TFs_and_others_ZNF720,-5.787218131814016e-05
TFs_and_others_ID4,-8.426497425599966e-05
TFs_and_others_POU6F1,-5.625732617483885e-05
TFs_and_others_RFX2,-6.635366533371092e-05
TFs_and_others_BRD3,-6.318305279091532e-05
TFs_and_others_ZNF691,-6.961896759191962e-05
TFs_and_others_ZMAT3,-6.419991536911216e-05
TFs_and_others_MTOR,-7.204292437770333e-05
TFs_and_others_IRF2BP2,-8.121365509075569e-05
TFs_and_others_DBP,-6.326620141883575e-05
TFs_and_others_FOSL1,-0.00012015271482021688
TFs_and_others_ZNF76,-8.471565835884309e-05
Histone_HINFP,-8.077331961275345e-05
TFs_and_others_BCL6,-9.647193904553441e-05
TFs_and_others_SOX9,-0.00010519198144964592
TFs_and_others_CBX5,-7.311586669199007e-05
TFs_and_others_YAP1,-9.186592878982001e-05
TFs_and_others_LDB2,-7.924579446320324e-05
TFs_and_others_RUNX1T1,-7.454282085101939e-05
TFs_and_others_TRIM33,-6.987892393678026e-05
TFs_and_others_CPSF2,-6.625715232542198e-05
TFs_and_others_JMJD6,-7.101693011277586e-05
Histone_H2AK120Ub,-8.409567332599912e-05
TFs_and_others_ZNF576,-8.696032936372621e-05
Histone_H3K18ac,-0.00014288015836976315
TFs_and_others_CBX2,-9.36154390223809e-05
TFs_and_others_NBN,-7.577821397978037e-05
Histone_H3.1,-6.891629663937694e-05
TFs_and_others_HDAC8,-6.258860646204305e-05
TFs_and_others_ZNF140,-7.01716827127397e-05
TFs_and_others_CASZ1,-6.643444998730021e-05
TFs_and_others_ZFHX2,-7.68667486172822e-05
TFs_and_others_SMAD3,-9.10205598253289e-05
TFs_and_others_RXRB,-7.48284900628604e-05
TFs_and_others_BAP1,-5.3405410676084395e-05
TFs_and_others_SS18L1,-6.507181480903921e-05
TFs_and_others_SMARCA2,-6.589510546030743e-05
TFs_and_others_INTS5,-5.950092928243086e-05
TFs_and_others_NFIC,-6.410327303342441e-05
TFs_and_others_DEC1,-5.172093657113113e-05
TFs_and_others_MAF1,-4.9168257250196786e-05
TFs_and_others_ZBTB5,-6.198840835855039e-05
TFs_and_others_ZNF417,-5.923561287397098e-05
TFs_and_others_ZSCAN16,-6.571550875579815e-05
TFs_and_others_FUBP3,-7.024977802854659e-05
TFs_and_others_ESRRG,-8.623873217114603e-05
TFs_and_others_SKIL,-7.619712826256114e-05
TFs_and_others_PAWR,-8.97991053107874e-05
TFs_and_others_GTF3C2,-0.00010051601169232107
TFs_and_others_XRN2,-8.093929898476126e-05
TFs_and_others_USF1,-8.836183487863625e-05
TFs_and_others_TBX18,-7.037033299644984e-05
TFs_and_others_NFYA,-8.220409600343052e-05
TFs_and_others_ZNF276,-6.49881519863264e-05
Histone_H3K18la,-7.499444756211975e-05
TFs_and_others_TRIM24,-4.504785087871512e-05
Histone_H3K23ac,-7.827341482059453e-05
Histone_H4K91ac,-5.52124318742726e-05
TFs_and_others_ZNF550,-8.438765521218368e-05
TFs_and_others_LCOR,-5.323605043569238e-05
TFs_and_others_RELB,-7.177652585823362e-05
TFs_and_others_CDK7,-6.640458075064343e-05
TFs_and_others_PURB,-8.016577550914315e-05
TFs_and_others_SMARCAL1,-6.188868860819142e-05
TFs_and_others_ATF6,-6.002123189450086e-05
TFs_and_others_ZNF217,-6.532748506783148e-05
TFs_and_others_SP5,-6.740665206037534e-05
TFs_and_others_WIZ,-6.83583486186158e-05
TFs_and_others_GTF2F2,-6.373902709281168e-05
TFs_and_others_ZFP36L2,-5.9592429196377875e-05
TFs_and_others_ZNF410,-5.5576896703823666e-05
TFs_and_others_COPS2,-6.805918361672947e-05
TFs_and_others_ERCC2,-6.306349352107927e-05
Histone_H1.0,-6.0804124946554895e-05
TFs_and_others_NOTCH1,-5.874056733698756e-05
RNA_polymerase_POLR3A,-5.3721328594685725e-05
TFs_and_others_APOBEC3B,-5.8672872828603315e-05
Histone_CENPA,-6.255721211426019e-05
TFs_and_others_CCNT1,-7.425900255510349e-05
TFs_and_others_TSC1,-5.655958352530872e-05
TFs_and_others_MAU2,-8.124908918460564e-05
TFs_and_others_YTHDC1,-7.81269719881201e-05
TFs_and_others_ZNF79,-7.953376683622333e-05
TFs_and_others_ZNF589,-5.6859132683550953e-05
TFs_and_others_NABP2,-6.756179340014591e-05
TFs_and_others_BNC2,-5.724610460983669e-05
TFs_and_others_HOXB1,-6.893887090728197e-05
TFs_and_others_TAF9B,-5.408322438877184e-05
RNA_polymerase_GTF3C1,-6.409608955301567e-05
TFs_and_others_DDX55,-4.5089102637511495e-05
TFs_and_others_STRA13,-6.205956735860116e-05
TFs_and_others_NR1H2,-5.113090616618164e-05
TFs_and_others_XRCC1,-5.0827388259866504e-05
TFs_and_others_EP400,-6.873695373211702e-05
TFs_and_others_ZNF414,-5.4422950278982065e-05
TFs_and_others_ATF7,-7.214445766102169e-05
TFs_and_others_CPSF3L,-6.254723407393166e-05
TFs_and_others_SON,-7.615178237479319e-05
TFs_and_others_MATR3,-5.717906900914369e-05
TFs_and_others_UBP1,-8.78061741976892e-05
TFs_and_others_ZBTB8A,-7.01639746138044e-05
TFs_and_others_ZNF737,-8.756952905487132e-05
TFs_and_others_CRTC2,-0.00012936794483480997
TFs_and_others_TTF2,-0.0001322905122548427
TFs_and_others_SPI1,-0.0002567187510230154
TFs_and_others_SMCHD1,-0.0001325499333221421
TFs_and_others_TRIB3,-0.00010737881939179248
TFs_and_others_PCBP2,-8.409387663693107e-05
TFs_and_others_SOX17,-0.000102075328138163
TFs_and_others_CREBL2,-8.894527256324838e-05
TFs_and_others_TCF12,-0.00011562257741641177
TFs_and_others_MEN1,-0.00010136461788843864
TFs_and_others_GGCT,-7.4403860299516e-05
TFs_and_others_ZKSCAN3,-6.45380620117057e-05
TFs_and_others_ZNF837,-7.5621437822286e-05
TFs_and_others_MBNL3,-6.812537856184046e-05
TFs_and_others_IKZF2,-8.558656501555714e-05
TFs_and_others_CDAN1,-6.962001860533942e-05
TFs_and_others_FOXF2,-7.945300980065489e-05
TFs_and_others_HIF1A,-6.590208308592389e-05
TFs_and_others_ZNF597,-7.455935563889965e-05
TFs_and_others_ZNF318,-5.8627522385169416e-05
TFs_and_others_CDX2,-7.550319778732192e-05
TFs_and_others_ELF1,-7.917625028540478e-05
Histone_H3K9me2,-8.240157634728603e-05
Histone_H1t,-8.242424067861652e-05
TFs_and_others_ZNF644,-7.8117834050419e-05
TFs_and_others_SNAI2,-7.557039237061542e-05
TFs_and_others_ATRX,-7.101766891552543e-05
TFs_and_others_RFX5,-8.529368467648913e-05
TFs_and_others_PKM,-7.495320193408553e-05
TFs_and_others_ASXL3,-6.360800168260672e-05
TFs_and_others_ERBB2,-7.599086673313982e-05
TFs_and_others_IRX5,-6.726650122741384e-05
TFs_and_others_ZNF565,-8.986287984963992e-05
TFs_and_others_ZNF436,-6.725240937595929e-05
TFs_and_others_JUNB,-0.00010123943704645393
TFs_and_others_MAF,-0.0002018884108147495
TFs_and_others_HOXD11,-0.00016346411940177584
TFs_and_others_AR,-0.0006005787598558781
TFs_and_others_LHX5,-0.00023731356544977035
Histone_H3K4me,-0.0001651789460043404
TFs_and_others_ZNF526,-6.52797511176211e-05
TFs_and_others_MED16,-7.420791713303663e-05
TFs_and_others_THAP12,-6.162936058533453e-05
TFs_and_others_SAFB2,-5.6992492104560835e-05
TFs_and_others_CSTF3,-5.6226388780398405e-05
TFs_and_others_NPAS2,-6.116862694937526e-05
TFs_and_others_KDM6B,-4.611134649882528e-05
TFs_and_others_ZNF574,-4.9790272831078316e-05
TFs_and_others_SRCAP,-4.902878112079562e-05
TFs_and_others_FOSB,-5.257504330518845e-05
TFs_and_others_BRF2,-4.162472677692102e-05
TFs_and_others_NCBP1,-6.117929795001711e-05
TFs_and_others_MKI67,-5.0804310467095524e-05
TFs_and_others_ZNF670,-6.740503746022571e-05
TFs_and_others_BHLHE40,-6.504094709928714e-05
TFs_and_others_CBX6,-7.767689828701272e-05
TFs_and_others_ZBTB49,-5.90859046740297e-05
TFs_and_others_ZNF784,-8.372780970741202e-05
TFs_and_others_MCM5,-7.039084898378426e-05
TFs_and_others_MGA,-8.771515881817493e-05
TFs_and_others_MITF,-0.00010634113181561351
TFs_and_others_GRHL3,-9.882127319951495e-05
TFs_and_others_CCDC101,-0.00010321511384392784
TFs_and_others_ZNF609,-0.00010091409939148093
TFs_and_others_CEBPB,-0.00023446994364444124
TFs_and_others_ZBTB37,-0.00014137998685491107
TFs_and_others_IKZF4,-0.00010396606652801503
TFs_and_others_GRHL2,-0.00014067529885738656
TFs_and_others_HMGB1,-8.877236498415557e-05
TFs_and_others_E2F8,-8.872863271087937e-05
TFs_and_others_IRF8,-8.188247372360945e-05
TFs_and_others_ACTR5,-9.28182587380729e-05
TFs_and_others_GABPA,-9.6542216473066e-05
TFs_and_others_RDme1,-9.013943268585253e-05
TFs_and_others_LEO1,-7.75725115599148e-05
TFs_and_others_TIGD6,-7.811169331575398e-05
TFs_and_others_E2F4,-6.579655033975748e-05
TFs_and_others_E2F6,-8.767908930317413e-05
TFs_and_others_HAT1,-7.383404131029982e-05
TFs_and_others_PRDM12,-7.60580773037795e-05
TFs_and_others_ZNF777,-7.396628308996651e-05
TFs_and_others_CBX8,-0.00010041730499171526
TFs_and_others_HDAC9,-9.778949953698636e-05
TFs_and_others_NPM1,-0.00013948786141800834
TFs_and_others_ARID1B,-0.00012370081157688767
TFs_and_others_THRAP3,-8.329559724402998e-05
TFs_and_others_ZNF788,-9.783258316134111e-05
TFs_and_others_NKX2-2,-7.387070091222053e-05
TFs_and_others_MED30,-7.856642306460649e-05
TFs_and_others_TRMT112,-6.014222167240814e-05
TFs_and_others_ZBTB1,-6.696164094992704e-05
TFs_and_others_PCBP1,-6.108458992312974e-05
TFs_and_others_MCRS1,-7.237075821210062e-05
TFs_and_others_RBPJ,-8.511597377182552e-05
TFs_and_others_ORC2,-7.412619183524932e-05
TFs_and_others_MYNN,-5.97330682545225e-05
TFs_and_others_CTBP2,-6.702326924987222e-05
TFs_and_others_EPAS1,-7.363220697197655e-05
TFs_and_others_PSMB5,-6.358119804052483e-05
TFs_and_others_SALL1,-5.7789663903823815e-05
TFs_and_others_KLF6,-5.9209604695664156e-05
TFs_and_others_ZNF839,-5.788089745740085e-05
TFs_and_others_YEATS4,-4.7178986951253174e-05
TFs_and_others_ZNF518A,-6.233362723608787e-05
TFs_and_others_DDX39B,-5.458995290646667e-05
TFs_and_others_AHRR,-5.3919255113486485e-05
TFs_and_others_PLSCR1,-7.167948562674832e-05
TFs_and_others_MLL-AF10,-5.2294137858678904e-05
TFs_and_others_RARB,-7.962587070348029e-05
TFs_and_others_PTRF,-6.787306039276051e-05
TFs_and_others_NFYB,-9.118652230775078e-05
TFs_and_others_GTF2B,-6.182930917320712e-05
TFs_and_others_ZNF583,-8.163445986608168e-05
TFs_and_others_PAX2,-6.842609054066428e-05
TFs_and_others_NFRKB,-7.545590515271293e-05
TFs_and_others_DTL,-7.934240886881451e-05
TFs_and_others_CTNNB1,-8.663563071004475e-05
TFs_and_others_ZNF786,-8.534757168062615e-05
Histone_H3K29ac,-9.320278281593918e-05
TFs_and_others_YBX1,-8.671163644571718e-05
TFs_and_others_FOXN3,-8.459271677477309e-05
TFs_and_others_ZNF671,-7.782900050976568e-05
TFs_and_others_MYOCD,-0.00012253007492341733
TFs_and_others_TOX2,-0.00010783555838303778
TFs_and_others_SMARCA4,-0.00024081510897704567
TFs_and_others_PHC1,-0.00012129626160336894
TFs_and_others_ZNF512B,-0.00010277438373782173
TFs_and_others_GTF2H2,-8.280312814898825e-05
TFs_and_others_ZNF302,-8.237740220323419e-05
TFs_and_others_ZNF214,-8.084762729291513e-05
TFs_and_others_ELF3,-9.992000772520099e-05
TFs_and_others_NR2C1,-8.221816403162711e-05
TFs_and_others_HOXA6,-7.102201724682075e-05
TFs_and_others_ZNF134,-6.922284558968936e-05
TFs_and_others_ERCC6,-7.45729348562573e-05
TFs_and_others_ZBED4,-6.334402746730432e-05
TFs_and_others_ARID4B,-6.528323263748364e-05
TFs_and_others_ADNP,-5.8018316673034454e-05
TFs_and_others_ELANE,-7.560948843743022e-05
TFs_and_others_ZNF165,-5.8226236635206596e-05
TFs_and_others_LCORL,-7.1650250564616e-05
TFs_and_others_ZNF24,-6.930072901241939e-05
Histone_H3K122sc,-7.293872115907678e-05
TFs_and_others_SOX11,-7.792056278196145e-05
TFs_and_others_PTBP3,-6.131338154538444e-05
TFs_and_others_CRTC1,-7.610406334642698e-05
TFs_and_others_KLF15,-5.584223496610725e-05
Histone_H4,-0.00011209291193446213
TFs_and_others_MXI1,-6.726771445858174e-05
TFs_and_others_SLC30A9,-9.659354852207957e-05
TFs_and_others_PRDM2,-6.37672655918345e-05
TFs_and_others_ZNF521,-0.00013515837496891618
TFs_and_others_SUPT16H,-9.187349194341277e-05
TFs_and_others_DDX5,-0.000209640684924011
TFs_and_others_PCGF6,-0.0001166356546004317
TFs_and_others_ATF5,-0.0001141931910014082
TFs_and_others_ZNF326,-7.909094969700298e-05
TFs_and_others_VRK1,-9.718527868051776e-05
Histone_H3K18ub,-0.00011772005441890987
TFs_and_others_STAT2,-8.459139820105732e-05
TFs_and_others_BRD4,-0.00019694308986301448
TFs_and_others_ZNF212,-0.00010262024355136506
TFs_and_others_MTA2,-8.977453044620309e-05
TFs_and_others_BRD1,-6.401795158102049e-05
TFs_and_others_EBV-ZEBRA,-5.698007316195838e-05
Histone_H1.4,-5.92949752510862e-05
TFs_and_others_ZBTB7A,-7.945777087541085e-05
TFs_and_others_ASCL2,-8.20402743684328e-05
TFs_and_others_ID1,-5.192952791656289e-05
TFs_and_others_NRIP1,-6.463788733791198e-05
TFs_and_others_FOXM1,-7.331738612314742e-05
TFs_and_others_RBM34,-7.203853120787798e-05
TFs_and_others_GATAD2B,-6.157601480230257e-05
TFs_and_others_INTS10,-6.601723137950878e-05
TFs_and_others_ID3,-6.000586413615683e-05
TFs_and_others_STAT5,-5.973457910799668e-05
TFs_and_others_HIV1 tat,-6.936883976897681e-05
TFs_and_others_ZNF34,-7.74059308551011e-05
TFs_and_others_TET1,-7.282838476825933e-05
TFs_and_others_ZNF253,-7.488022383239808e-05
TFs_and_others_ZSCAN5D,-7.066871986642646e-05
TFs_and_others_ZNF207,-7.35382355409484e-05
TFs_and_others_LIN9,-7.0967191378752e-05
TFs_and_others_WDR33,-8.059323644507185e-05
TFs_and_others_KAT6A,-0.00011189688295611881
Histone_H4K5bu,-8.798456455479861e-05
TFs_and_others_STAG3,-7.558969860051245e-05
TFs_and_others_NFIX,-8.36669633904732e-05
TFs_and_others_FMR1,-9.235861033685235e-05
TFs_and_others_FOXL2,-0.00012669793705233915
TFs_and_others_CPSF3,-0.00011050091751149998
TFs_and_others_LEF1,-9.551603963226975e-05
TFs_and_others_MEIS1,-0.00014448265087763947
TFs_and_others_TEAD4,-0.0001264843455399017
TFs_and_others_ZBTB33,-8.747388658379089e-05
TFs_and_others_ZNF646,-5.7133439557112574e-05
TFs_and_others_NFE2L2,-8.692347496375197e-05
TFs_and_others_DACH1,-5.8990716156424225e-05
TFs_and_others_ZNF264,-7.912854833616992e-05
TFs_and_others_ZBTB34,-4.278398741248566e-05
TFs_and_others_PAXIP1,-0.00011477796896420845
TFs_and_others_SPDEF,-5.358249503122182e-05
TFs_and_others_HOXB6,-9.594880205267959e-05
TFs_and_others_GTF2A2,-5.581302261549833e-05
TFs_and_others_RCOR2,-8.791622246079455e-05
TFs_and_others_ZNF394,-0.00029067046652539
TFs_and_others_HOXA3,-0.0002240589369496506
Histone_H3K4me3,-0.0008707002513882497
TFs_and_others_POU3F2,-0.0002976869903220395
TFs_and_others_AHDC1,-0.00019807950053492773
TFs_and_others_BMI,-8.163116549599688e-05
TFs_and_others_ELF2,-8.166792232803071e-05
TFs_and_others_SFMBT1,-8.206258124388069e-05
TFs_and_others_EBF1,-0.00013788141227884547
TFs_and_others_BBX,-0.00010351901982777729
TFs_and_others_ZSCAN30,-8.492657292561177e-05
TFs_and_others_SHOX2,-6.813801533903709e-05
TFs_and_others_ZNF239,-7.967613374959555e-05
TFs_and_others_SETX,-7.36477111849874e-05
TFs_and_others_ICE1,-6.99199520591147e-05
TFs_and_others_FOS,-9.951284876483826e-05
TFs_and_others_GTF2F1,-9.212039067244542e-05
TFs_and_others_ZNF114,-6.629089747044421e-05
TFs_and_others_CDK2,-6.330230639188896e-05
TFs_and_others_ARRB1,-6.37799530391951e-05
TFs_and_others_ASH2L,-0.0001535828273432785
TFs_and_others_PRTN3,-0.00010064273864704133
TFs_and_others_ESR1,-0.0003071439455207593
TFs_and_others_ZNF248,-0.00011906363639388852
TFs_and_others_MIXL1,-0.00010349069244668417
TFs_and_others_ZNF510,-6.116224749371283e-05
TFs_and_others_GLTSCR1,-6.98284224566059e-05
TFs_and_others_AKAP8,-6.71217809442226e-05
TFs_and_others_Cas9,-7.846969587518854e-05
TFs_and_others_PREB,-9.969831570833146e-05
TFs_and_others_CRX,-8.337579462021503e-05
TFs_and_others_ANAPC1,-0.00013501515016239242
TFs_and_others_ARHGAP35,-7.956371189254125e-05
TFs_and_others_PHOX2B,-0.00016030614386885106
TFs_and_others_ZNF616,-0.00019555998396415065
TFs_and_others_PHF2,-0.00019985672576185883
DNase-seq_DNase-Seq,-0.0004830026430824705
TFs_and_others_PITX1,-0.0002255590347027132
TFs_and_others_SP1,-0.00015329505507649102
TFs_and_others_PTTG1,-8.354515551888995e-05
TFs_and_others_NELFCD,-9.520986568952513e-05
TFs_and_others_SETDB1,-7.375109026801539e-05
Histone_H2A.X,-6.61960091582161e-05
TFs_and_others_MDN1,-6.348280513106979e-05
TFs_and_others_NFE2,-6.407738081973138e-05
TFs_and_others_EMX1,-5.794362453762514e-05
TFs_and_others_ZNF274,-6.12090850988478e-05
TFs_and_others_ZNF674,-7.480140034919174e-05
TFs_and_others_ZNF395,-8.039087554782595e-05
TFs_and_others_CDC16,-8.100875045311504e-05
TFs_and_others_DUX4,-0.00011089536736587198
Histone_H2AK119Ub,-9.57000193759427e-05
Histone_H3K27M,-9.860340338845109e-05
TFs_and_others_ZNF462,-8.14290419538718e-05
TFs_and_others_CHD4,-9.004311575305543e-05
TFs_and_others_MLLT3,-7.34522690361778e-05
TFs_and_others_ZNF397,-8.67247030120108e-05
TFs_and_others_MEAF6,-8.470562102860004e-05
TFs_and_others_KDM4A,-9.874625300501892e-05
TFs_and_others_PBRM1,-7.826357811287981e-05
TFs_and_others_GPN1,-7.916731807867112e-05
TFs_and_others_CCND2,-8.883702889153523e-05
TFs_and_others_SIX2,-0.00010711263133034598
TFs_and_others_CDT1,-9.985264641274175e-05
TFs_and_others_MESP1,-7.564634081641712e-05
TFs_and_others_ZXDC,-0.00013238303170067734
TFs_and_others_TBX3,-9.015102394891314e-05
Histone_H4ac,-0.00018877539027226198
TFs_and_others_MBD2,-9.414688846315811e-05
TFs_and_others_FANCD2,-8.388431919614002e-05
TFs_and_others_ZNF83,-5.6161396367035344e-05
TFs_and_others_ZNF692,-6.106514818852337e-05
TFs_and_others_THRB,-5.742285491919514e-05
TFs_and_others_MXD4,-5.3785999857040655e-05
TFs_and_others_NUP93,-5.785999658196966e-05
RNA_polymerase_POLR3E,-6.347139574554651e-05
TFs_and_others_LARP7,-6.998289393075933e-05
TFs_and_others_SNAPC5,-6.961740875091202e-05
TFs_and_others_NRF1,-7.653419125360078e-05
TFs_and_others_ZNF157,-7.28295101258672e-05
TFs_and_others_MAPK1,-7.432528394209362e-05
TFs_and_others_IRF9,-7.069720118592216e-05
TFs_and_others_ZNF677,-6.687233206264617e-05
TFs_and_others_PATZ1,-9.609971012465954e-05
TFs_and_others_NR4A2,-0.00010009827855733546
TFs_and_others_STAT3,-0.00015405004454879632
TFs_and_others_CD74,-8.548607001565271e-05
TFs_and_others_FEZF1,-9.086299829632172e-05
TFs_and_others_HNF4G,-8.427437690096552e-05
TFs_and_others_CTSG,-6.822866908069738e-05
TFs_and_others_TFDP2,-5.916754029579877e-05
TFs_and_others_MTA1,-8.151762965543723e-05
TFs_and_others_HIC1,-8.121045355527797e-05
TFs_and_others_5-mC,-0.00012807087623495432
Histone_H4K5K8K12K16ac,-0.00016604221537751116
TFs_and_others_HOXA7,-0.0001239571183942307
TFs_and_others_CTCF,-0.00038344308871008644
TFs_and_others_CDC45,-0.00016554111669729766
TFs_and_others_RBL1,-0.00013284257522882558
TFs_and_others_DPPA3,-8.654920047165876e-05
Histone_H3K56ac,-0.0001284184123159664
Histone_H3.Y,-0.00010371631777888992
TFs_and_others_ZNF585B,-9.35693953437114e-05
TFs_and_others_SRF,-0.00011543528986543658
TFs_and_others_PRDM6,-0.00010610515238597465
TFs_and_others_MYH11,-8.175867657455328e-05
TFs_and_others_ZBED2,-7.345426367074669e-05
Histone_H3T11ph,-7.581908889504584e-05
TFs_and_others_ZNF449,-8.416768697004157e-05
TFs_and_others_SATB2,-7.09129970692437e-05
TFs_and_others_WRN,-7.628648586572207e-05
TFs_and_others_PBX3,-6.952138498310152e-05
TFs_and_others_MED13,-7.649651515485605e-05
TFs_and_others_ZSCAN20,-7.122954076471937e-05
TFs_and_others_HHV UL87,-7.369528978859074e-05
TFs_and_others_ZBED5,-6.887390964621612e-05
TFs_and_others_HES5,-7.880641137122936e-05
TFs_and_others_CASP3,-8.265862301852137e-05
Histone_H3K36ac,-0.00010470816297163907
TFs_and_others_HNRNPUL1,-8.31051434631395e-05
TFs_and_others_BCL10,-8.195102692139929e-05
TFs_and_others_TRIM22,-7.659176038324484e-05
TFs_and_others_MED6,-7.931953585034343e-05
TFs_and_others_TFDP1,-6.296365271228239e-05
TFs_and_others_KDM5C,-8.024168218058327e-05
TFs_and_others_LIN54,-8.562801503745104e-05
TFs_and_others_ZNF524,-8.113209968687214e-05
TFs_and_others_KMT2A,-9.263767460146349e-05
TFs_and_others_ZNF354B,-7.526382013660217e-05
TFs_and_others_SOX8,-8.086203396938136e-05
TFs_and_others_ELK3,-8.550272779483661e-05
TFs_and_others_KLF9,-6.443377108157742e-05
TFs_and_others_ZNF17,-7.904905034628469e-05
TFs_and_others_ZNF251,-7.820166707219606e-05
TFs_and_others_TRIP13,-8.924811077591758e-05
TFs_and_others_ZBTB40,-6.78854552416779e-05
TFs_and_others_CRY1,-8.771639814847792e-05
TFs_and_others_AGO2,-6.678682661194661e-05
TFs_and_others_ZNF655,-7.338805638066142e-05
TFs_and_others_IRF1,-7.692587457771429e-05
TFs_and_others_XRCC6,-6.831708355579748e-05
TFs_and_others_ARNTL,-9.122971880937472e-05
TFs_and_others_SVS-1,-8.051424193561337e-05
TFs_and_others_EHF,-6.953762428473779e-05
TFs_and_others_SCML2,-7.327156667508378e-05
TFs_and_others_NCAPG,-7.449704604165693e-05
TFs_and_others_ZNF84,-6.658029555177472e-05
TFs_and_others_ZNF331,-7.354895095987811e-05
TFs_and_others_JDP2,-6.639913087715918e-05
TFs_and_others_ZNF697,-7.607376554223631e-05
TFs_and_others_POLQ,-7.025107591750446e-05
TFs_and_others_NELFE,-8.457484250993757e-05
TFs_and_others_ZNF2,-7.888639434766779e-05
TFs_and_others_ESR2,-8.563863101872212e-05
TFs_and_others_TEAD1,-0.00011145353336595793
TFs_and_others_PSMD1,-7.635742889476163e-05
TFs_and_others_ZNF529,-8.335865684351932e-05
Histone_H2BK15ac,-7.466864050738352e-05
TFs_and_others_CSRNP3,-8.882230422160782e-05
TFs_and_others_MethylCap,-8.642434749286147e-05
TFs_and_others_POLH,-8.196327338741793e-05
TFs_and_others_HLTF,-8.41878508096036e-05
TFs_and_others_CDK11A,-7.438774063328737e-05
Histone_H4K5K8K16ac,-8.450770487323352e-05
TFs_and_others_ZNF678,-0.0001477016437272235
TFs_and_others_SRSF7,-0.00012667947923555926
Histone_H3K9me3,-0.0003261648876865052
Histone_H2BK120ub1,-0.0001701309044707973
TFs_and_others_DZIP1,-0.00012441747228350805
TFs_and_others_FOXJ3,-7.657096029653226e-05
Histone_H3K14me3,-6.588454800765025e-05
TFs_and_others_DNMT3B,-6.656522377632643e-05
TFs_and_others_ILF3,-6.612456892711574e-05
Histone_H3.3B,-7.847669721560063e-05
TFs_and_others_PAX6,-5.0324924220930955e-05
TFs_and_others_HMGN3,-6.03211722029461e-05
TFs_and_others_ZNF740,-6.580513046061024e-05
TFs_and_others_MYOG,-8.853043748809491e-05
TFs_and_others_RUNX3,-9.640613272873833e-05
TFs_and_others_STAT4,-7.69347829428785e-05
TFs_and_others_NCL,-7.408776343974e-05
TFs_and_others_VSV-G,-8.380142358634885e-05
TFs_and_others_GLIS2,-6.8593238699228e-05
TFs_and_others_CCNE1,-6.751049767041087e-05
TFs_and_others_OTX1,-6.136314457185949e-05
TFs_and_others_CEBPZ,-6.661947636186153e-05
TFs_and_others_LMTK3,-5.444752108888078e-05
TFs_and_others_MCPV ST,-6.003807436771004e-05
TFs_and_others_TSHZ1,-5.570142434800456e-05
TFs_and_others_RNF20,-5.20017216253257e-05
TFs_and_others_NCOA6,-6.19316920647903e-05
TFs_and_others_HEYL,-5.154845715761966e-05
TFs_and_others_LHX2,-6.9312663891601e-05
TFs_and_others_ZNF800,-4.0606385798753394e-05
TFs_and_others_YWHAZ,-6.385296204467575e-05
TFs_and_others_MLLT1,-5.028442635883371e-05
TFs_and_others_SREBF1,-7.471712544116064e-05
TFs_and_others_XRCC5,-6.0309019275318254e-05
TFs_and_others_CSE1L,-6.294383705126753e-05
TFs_and_others_PCGF2,-7.07964322062952e-05
TFs_and_others_ZUFSP,-6.934410166764374e-05
TFs_and_others_ZBTB16,-8.130209322806969e-05
TFs_and_others_ZNF614,-6.318919598787574e-05
TFs_and_others_SMAD9,-8.16763836023999e-05
TFs_and_others_SMARCA5,-6.789286821001e-05
TFs_and_others_NFXL1,-8.324827423663133e-05
TFs_and_others_HMG20A,-6.6153894536446e-05
TFs_and_others_PRMT1,-9.971962860886602e-05
TFs_and_others_NCAPH2,-7.75498918934046e-05
TFs_and_others_SUPT5H,-0.00013010784583834806
TFs_and_others_ERG,-0.00012673966388530996
TFs_and_others_ZNF782,-0.00010012817488621791
TFs_and_others_NUTM1,-6.67675375864034e-05
TFs_and_others_KHSRP,-9.35718241548955e-05
TFs_and_others_MORC2,-8.993310889911815e-05
Histone_H3K9K14ac,-0.00017480771141421144
TFs_and_others_PHF20L1,-0.00011193931408170334
TFs_and_others_ETV4,-0.0001025541852136022
TFs_and_others_CEBPD,-0.00010272383644758669
TFs_and_others_KMT2C,-9.062137472568674e-05
TFs_and_others_ICE2,-7.184397201164223e-05
TFs_and_others_CHAT,-7.06276772550264e-05
TFs_and_others_MYBL2,-6.773647282499077e-05
TFs_and_others_ZNF221,-6.117152355098592e-05
TFs_and_others_MNX1,-7.997784754306081e-05
Histone_H3S57ph,-6.833940005273505e-05
TFs_and_others_ZNF503,-7.399426507149763e-05
Histone_H1.4S187ph,-5.969550768458006e-05
TFs_and_others_T,-9.332452394120074e-05
TFs_and_others_NPAT,-5.99708849137271e-05
TFs_and_others_CHD6,-9.655143701649752e-05
TFs_and_others_IRF5,-6.52946133723401e-05
TFs_and_others_ZNF223,-7.113601570978013e-05
TFs_and_others_NFKBIZ,-6.219459468448743e-05
TFs_and_others_WDHD1,-7.98379540163102e-05
TFs_and_others_PTBP1,-6.643238568543886e-05
TFs_and_others_SOX13,-5.88894892830743e-05
TFs_and_others_RBBP4,-7.3258074988677e-05
TFs_and_others_DLX5,-6.008298632532567e-05
TFs_and_others_POU2F1,-8.783740649199505e-05
TFs_and_others_TBX21,-7.235672889672267e-05
TFs_and_others_VDR,-7.470391043702798e-05
TFs_and_others_MEOX2,-6.286937726444603e-05
TFs_and_others_CHAMP1,-7.289313241040795e-05
TFs_and_others_GLI1,-7.103346209991439e-05
TFs_and_others_MTA3,-8.790720624987912e-05
TFs_and_others_ZNF112,-6.977130614645516e-05
TFs_and_others_NR1H3,-7.387210904727871e-05
TFs_and_others_MXD1,-6.377315702124677e-05
TFs_and_others_CDC5L,-7.53147248834361e-05
TFs_and_others_ZSCAN5A,-6.535052626303954e-05
TFs_and_others_HIVEP1,-7.380448083947064e-05
TFs_and_others_RUVBL1,-6.85479170629666e-05
TFs_and_others_ZNF641,-6.945647782082622e-05
TFs_and_others_POU2AF1,-9.441203526715923e-05
TFs_and_others_SET,-8.487779539163627e-05
TFs_and_others_ATF2,-9.830079458861759e-05
TFs_and_others_ZKSCAN5,-7.703600062543037e-05
TFs_and_others_SMARCA1,-7.471937700704275e-05
TFs_and_others_HOXD4,-7.729340027310154e-05
TFs_and_others_ZMYM2,-4.773919807940381e-05
TFs_and_others_SOD1,-6.699860003277895e-05
TFs_and_others_CREB3L1,-4.988273788599338e-05
TFs_and_others_KAT7,-5.9364039215426265e-05
TFs_and_others_ZNF865,-4.7811483105184356e-05
TFs_and_others_ZNF57,-6.130399202083937e-05
Histone_H1.5,-6.634806157421604e-05
TFs_and_others_ZNF396,-6.086555473844837e-05
TFs_and_others_BRF1,-7.759145318383533e-05
TFs_and_others_MAX,-0.0001137486688202582
Histone_H2BK5ac,-0.00014038496025021213
TFs_and_others_TFAP2A,-0.00012549755386483837
TFs_and_others_IRF4,-9.313674611238422e-05
TFs_and_others_FUS,-7.38339089005117e-05
TFs_and_others_ZNF132,-6.835827332516059e-05
TFs_and_others_FOXK2,-6.911765274497455e-05
TFs_and_others_MIER1,-7.55524728845142e-05
TFs_and_others_BRCA1,-7.143403022831164e-05
TFs_and_others_ZNF366,-7.669359782374326e-05
TFs_and_others_ZNF281,-8.642685830949626e-05
TFs_and_others_CIITA,-7.576687049736184e-05
TFs_and_others_TFE3,-9.929072093696932e-05
Histone_H2Aub,-6.766369706585933e-05
TFs_and_others_HOXA9,-7.006643617166994e-05
TFs_and_others_CEBPE,-6.971045865396533e-05
TFs_and_others_MLX,-7.841553221254036e-05
TFs_and_others_AKNA,-9.90227483749723e-05
TFs_and_others_NEUROD1,-0.00012509057040154822
TFs_and_others_NCOA3,-0.00014998545858649354
TFs_and_others_ZMYND11,-8.558802937720631e-05
TFs_and_others_ZBTB24,-9.672215638367993e-05
TFs_and_others_CDK8,-7.671526672405102e-05
Histone_H3R8me2,-7.770905946881404e-05
TFs_and_others_RORC,-5.956145613319386e-05
TFs_and_others_OSR1,-7.442849818895324e-05
TFs_and_others_ZNF197,-5.845472093372222e-05
TFs_and_others_BRDT,-6.515165930862455e-05
TFs_and_others_ZSCAN26,-6.467212860534936e-05
TFs_and_others_ZNF205,-6.763547242592012e-05
TFs_and_others_GABPB1,-9.479767422486785e-05
TFs_and_others_MTHFD1,-6.798533659237076e-05
TFs_and_others_NCOA1,-8.93515948879876e-05
TFs_and_others_MED25,-5.589049146571308e-05
TFs_and_others_HNRNPL,-6.007018366137608e-05
TFs_and_others_HIRA,-3.9281069660532455e-05
TFs_and_others_ALKBH3,-6.50789269325674e-05
TFs_and_others_DIDO1,-5.681089845406203e-05
TFs_and_others_ASF1A,-5.446926886363933e-05
TFs_and_others_METTL3,-5.418847162233189e-05
TFs_and_others_LYL1,-6.462780001515946e-05
TFs_and_others_ING5,-6.619542777825016e-05
TFs_and_others_MSH6,-6.636084020372197e-05
TFs_and_others_ZNF26,-6.226843325320788e-05
TFs_and_others_APC,-5.716021176961035e-05
TFs_and_others_MBD4,-5.197348365248807e-05
TFs_and_others_PRDM11,-5.614192339977194e-05
TFs_and_others_AFF4,-5.563690705860299e-05
TFs_and_others_ZNF514,-4.918860818132145e-05
TFs_and_others_SRSF9,-6.111865945765231e-05
TFs_and_others_CPSF4,-4.717116870240204e-05
TFs_and_others_HDAC2,-6.902209569199685e-05
TFs_and_others_FBXO44,-4.402064630544189e-05
TFs_and_others_USF3,-6.586790167719063e-05
TFs_and_others_ZNF668,-5.011665885119655e-05
TFs_and_others_L3MBTL3,-9.176527132918086e-05
TFs_and_others_NKX3-1,-7.33934742351146e-05
TFs_and_others_HAND1,-0.000169879262708629
TFs_and_others_ZNF433,-9.045145996348056e-05
Histone_H2A.XS139ph,-9.234504645182939e-05
TFs_and_others_SRPK1,-6.969347831471847e-05
TFs_and_others_TBX5,-8.196941471326594e-05
TFs_and_others_NEIL1,-6.491022457077152e-05
TFs_and_others_BDP1,-5.3389098792831324e-05
TFs_and_others_CBX1,-4.335431103899217e-05
TFs_and_others_SUZ12,-7.5557741523391e-05
TFs_and_others_NR1H4,-6.388187381912517e-05
TFs_and_others_REPIN1,-5.741394771200618e-05
TFs_and_others_GTF2H2C,-5.829859607658321e-05
TFs_and_others_E2F7,-6.46678623538824e-05
TFs_and_others_ZNF619,-6.340076469159101e-05
TFs_and_others_CSDC2,-7.833229057871671e-05
TFs_and_others_WTAP,-0.00010957648313059754
TFs_and_others_LDB1,-9.372181150672521e-05
TFs_and_others_STAG1,-0.00015798976628821762
TFs_and_others_ZC3H8,-0.0001133619007771579
TFs_and_others_NAT10,-7.28793494878906e-05
TFs_and_others_MBD3,-0.00011849688206017395
TFs_and_others_PRDM1,-7.370702357054214e-05
TFs_and_others_ZNF717,-8.45585938235471e-05
TFs_and_others_ZXDB,-5.0689953890986296e-05
TFs_and_others_SCMH1,-9.408430384270724e-05
TFs_and_others_KMT2B,-6.492929259553805e-05
TFs_and_others_XBP1,-6.518844980745501e-05
TFs_and_others_KANSL3,-7.17284482563664e-05
TFs_and_others_MAML1,-5.720905792714339e-05
TFs_and_others_ZFP3,-8.554302935823383e-05
TFs_and_others_KAT5,-6.269028302082242e-05
TFs_and_others_ZNF747,-8.568030357966102e-05
TFs_and_others_SOX10,-0.00011018019930347103
TFs_and_others_KLF13,-0.00011177937526271206
TFs_and_others_CEBPA,-0.000185264707944109
TFs_and_others_BCLAF1,-0.00010894194932375092
TFs_and_others_AGO1,-9.375777849407528e-05
TFs_and_others_ZSCAN12,-7.698305817473981e-05
TFs_and_others_ZSCAN29,-7.92667822750626e-05
TFs_and_others_ZNF473,-7.90718093850787e-05
Histone_H3R17me2,-8.081698151742935e-05
TFs_and_others_ARID5B,-8.960418166571877e-05
TFs_and_others_BATF,-9.199499113072963e-05
TFs_and_others_PDS5B,-6.565575807124512e-05
TFs_and_others_RBBP5,-7.383272781764917e-05
TFs_and_others_ZNF382,-5.510724910318172e-05
RNA_polymerase_POLR3D,-7.190933352714372e-05
TFs_and_others_NFAT5,-4.5443484589262237e-05
TFs_and_others_ZSCAN9,-7.216658583445546e-05
TFs_and_others_PCGF3,-9.295152211879542e-05
TFs_and_others_ZNF311,-9.900845971987618e-05
TFs_and_others_FOXA2,-0.00020141886051504727
TFs_and_others_DICER1,-0.00015436345318850132
TFs_and_others_TGIF2LX,-0.00011583905063663112
TFs_and_others_8-Hydroxydeoxyguanosine,-0.00017035237497557958
TFs_and_others_KDM6A,-0.00011908485593362208
TFs_and_others_S100A10,-9.227419452883749e-05
TFs_and_others_SIRT3,-8.490234515576379e-05
TFs_and_others_HMBOX1,-8.663185219597448e-05
TFs_and_others_NR5A2,-6.519555507948272e-05
TFs_and_others_C17orf49,-6.054979400017344e-05
TFs_and_others_POU5F1,-6.645904899912654e-05
TFs_and_others_PRDM14,-7.894328027508791e-05
TFs_and_others_FOXP2,-6.59923626203452e-05
TFs_and_others_FOXP4,-6.468348581676056e-05
TFs_and_others_PRKCQ,-5.846050141326723e-05
TFs_and_others_TCEB3,-7.713441741129608e-05
TFs_and_others_PPARGC1A,-6.969960352194005e-05
TFs_and_others_THAP11,-9.384282825185505e-05
TFs_and_others_SRSF4,-6.7289800186076e-05
TFs_and_others_COBLL1,-6.699758627613926e-05
TFs_and_others_PGBD5,-6.998224172245009e-05
TFs_and_others_ZNF569,-7.255664357083153e-05
TFs_and_others_ZNF780A,-6.709553912820255e-05
TFs_and_others_RFXAP,-6.17397647812978e-05
TFs_and_others_PARP1,-7.535126065397215e-05
Histone_H2BS112GlcNAc,-7.53724620593347e-05
TFs_and_others_MSC,-8.045541375783037e-05
TFs_and_others_SMAD2,-9.401493433410574e-05
TFs_and_others_RBMX,-8.75514406289276e-05
TFs_and_others_FOXD3,-9.493140526709902e-05
TFs_and_others_C11orf53,-8.905110653458957e-05
Histone_H2BK20ac,-0.00011366073574989769
TFs_and_others_OGT,-7.952629563448846e-05
TFs_and_others_MYBL1,-8.080283323749059e-05
TFs_and_others_ZNF695,-7.29594219444282e-05
TFs_and_others_SIRT7,-8.740514055922295e-05
TFs_and_others_PHF20,-5.546654505072724e-05
TFs_and_others_TAF1,-6.623897438065183e-05
TFs_and_others_TSC22D4,-5.979987466780835e-05
TFs_and_others_ZNF587,-5.0170681426857665e-05
TFs_and_others_RFX7,-6.244300641286355e-05
TFs_and_others_SAP30,-4.108798158266848e-05
TFs_and_others_PHF6,-6.095383002850865e-05
TFs_and_others_SIRT1,-3.340760269828721e-05
TFs_and_others_CSDE1,-6.02082362064179e-05
TFs_and_others_METTL14,-4.962994756828328e-05
TFs_and_others_FOXQ1,-6.798713366093192e-05
TFs_and_others_HMGXB4,-4.864391821406162e-05
TFs_and_others_HSF4,-6.084148476181401e-05
TFs_and_others_ZNF20,-7.12197231471853e-05
TFs_and_others_TOX4,-8.20928420317953e-05
TFs_and_others_TEAD2,-7.297245553550882e-05
TFs_and_others_PYGO2,-7.32283461369409e-05
TFs_and_others_HMG20B,-7.943671682418541e-05
TFs_and_others_ARID3A,-8.046664772176603e-05
TFs_and_others_NKX6-1,-7.596313456328504e-05
TFs_and_others_CDYL2,-5.27208662611231e-05
TFs_and_others_MINA,-9.769290031385264e-05
TFs_and_others_DDIT3,-6.765513802930087e-05
Histone_H4K5ac,-0.00012997834045016084
TFs_and_others_ZNF445,-6.140135755994377e-05
TFs_and_others_MDM2,-8.687817785376151e-05
TFs_and_others_ZBTB26,-6.108075106004801e-05
TFs_and_others_ISL1,-9.959485233711695e-05
TFs_and_others_ZNF70,-5.504420915168824e-05
TFs_and_others_ZNF213,-6.156541874234558e-05
TFs_and_others_ZNF490,-4.42087657833983e-05
TFs_and_others_ASUN,-5.515809195294993e-05
TFs_and_others_GMEB1,-6.86433535564137e-05
TFs_and_others_U2AF2,-7.384999347549607e-05
TFs_and_others_PCGF1,-5.710170586949628e-05
TFs_and_others_SIX5,-9.681412018889479e-05
TFs_and_others_TET2,-9.655953681331744e-05
TFs_and_others_RELA,-0.0001866645286831099
TFs_and_others_EBNA1,-8.479206185908364e-05
TFs_and_others_TCF21,-0.00010120667255538533
TFs_and_others_NFIB,-5.946963263413343e-05
TFs_and_others_NME2,-8.456270680022716e-05
TFs_and_others_NR5A1,-7.154054909689222e-05
Histone_H4K20me1,-9.988722742472917e-05
TFs_and_others_HDGF2,-7.602568357733633e-05
TFs_and_others_SPEN,-6.220450912980533e-05
TFs_and_others_HEY2,-7.737873869540116e-05
TFs_and_others_ZSCAN21,-8.744599905907324e-05
TFs_and_others_ZKSCAN8,-9.87648861449129e-05
TFs_and_others_ZSCAN31,-5.7644269611663655e-05
TFs_and_others_CTR9,-7.327921157038427e-05
TFs_and_others_ZNF713,-6.329282141208648e-05
TFs_and_others_ZFP36,-8.878657865799751e-05
TFs_and_others_WRNIP1,-8.680142861565662e-05
TFs_and_others_PAX5,-8.101656638070476e-05
TFs_and_others_ZNF202,-9.153762709817196e-05
TFs_and_others_E2F2,-0.00045612336788649846
TFs_and_others_WDR82,-0.00031638444314814997
Histone_H3K27ac,-0.001616821986516928
TFs_and_others_EHMT2,-0.0005531057970524194
TFs_and_others_ZNF195,-0.0003496146209858495
TFs_and_others_KLF7,-8.550915812530621e-05
TFs_and_others_TRMT13,-5.865515234510049e-05
TFs_and_others_LRIF1,-8.112341972405014e-05
TFs_and_others_HES4,-7.071617339744005e-05
TFs_and_others_THAP4,-9.965583100507794e-05
TFs_and_others_HINFP,-8.317909149269986e-05
TFs_and_others_AML1-ETO,-0.00010286030671863034
TFs_and_others_FERD3L,-8.130882766819331e-05
TFs_and_others_NOS2,-7.549103330937066e-05
TFs_and_others_KLF5,-9.28158135043348e-05
TFs_and_others_ETV1,-8.83694519174455e-05
TFs_and_others_ELK4,-7.187417275195317e-05
TFs_and_others_NR2C2,-8.849429330431187e-05
TFs_and_others_HNRNPC,-8.133754578348375e-05
TFs_and_others_TOP2A,-6.875942232564002e-05
TFs_and_others_WDR77,-6.87602374401129e-05
TFs_and_others_SMARCB1,-6.95225444661769e-05
TFs_and_others_O-GlcNAc,-7.421888219006735e-05
TFs_and_others_UBE2I,-5.918478513554777e-05
TFs_and_others_AHCTF1,-7.00118431439442e-05
TFs_and_others_HESX1,-5.583447794848952e-05
TFs_and_others_ZNF699,-6.933512272466924e-05
TFs_and_others_ZNF843,-6.826686878636614e-05
TFs_and_others_ATR,-7.607650299762796e-05
TFs_and_others_ZNF280D,-6.62415608659009e-05
TFs_and_others_ZNF488,-6.995674580433033e-05
TFs_and_others_MAFB,-7.741015454909296e-05
TFs_and_others_PHF13,-6.626581169413902e-05
TFs_and_others_PDHA1,-7.264521991032651e-05
TFs_and_others_RTA,-6.684444624881146e-05
TFs_and_others_RPA1,-6.36402180530754e-05
TFs_and_others_HBZ,-6.11919929686973e-05
TFs_and_others_ZNF75A,-6.009537731216806e-05
TFs_and_others_SNAPC1,-7.188426312099363e-05
TFs_and_others_AIM2,-5.2374645083487994e-05
TFs_and_others_UPF1,-6.327479630883272e-05
TFs_and_others_CXXC1,-5.194580026028209e-05
TFs_and_others_FOXK1,-7.57057180833417e-05
TFs_and_others_ETV3,-6.765524918354468e-05
TFs_and_others_MYOD1,-0.00010354204440922297
TFs_and_others_ZNF658,-7.748133726479342e-05
Histone_Pan lysine crotonylation,-7.716915190381016e-05
TFs_and_others_ZKSCAN1,-9.169548494476931e-05
TFs_and_others_MEF2B,-0.0001031778449050119
TFs_and_others_HNRNPK,-9.244916160935332e-05
TFs_and_others_SIN3B,-6.655809520889011e-05
TFs_and_others_ZNF626,-7.049029952853945e-05
TFs_and_others_ZNF772,-6.930827833684825e-05
TFs_and_others_TUBG1,-6.57594997308086e-05
TFs_and_others_MLL-AF6,-7.434792561912244e-05
TFs_and_others_MECOM,-6.840572041360303e-05
TFs_and_others_INSM2,-9.664930923934712e-05
TFs_and_others_ZHX2,-6.270337820886459e-05
TFs_and_others_HNF4A,-0.00011987866876408355
TFs_and_others_ZNF282,-6.523987258423603e-05
TFs_and_others_RORA,-8.276580637832288e-05
TFs_and_others_CHD8,-6.059704905630504e-05
TFs_and_others_LRRFIP1,-6.026509727650511e-05
TFs_and_others_ATF7IP,-5.5348699197929406e-05
TFs_and_others_ZNF532,-6.783225529739753e-05
TFs_and_others_ZNF142,-5.065215324378583e-05
TFs_and_others_RAD51,-6.052779529661527e-05
TFs_and_others_ZNF792,-9.210320516281514e-05
TFs_and_others_ZFP37,-7.694298602778687e-05
Histone_H3K79me2,-0.00015598460741890726
TFs_and_others_ZBTB46,-9.51900817883985e-05
TFs_and_others_ING4,-8.072494342148458e-05
TFs_and_others_KDM2B,-7.634137038528397e-05
TFs_and_others_DMC1,-7.966848245107011e-05
TFs_and_others_MSX2,-7.405232270243705e-05
TFs_and_others_ZNF319,-6.441298278425185e-05
TFs_and_others_KLF17,-6.293844217099556e-05
TFs_and_others_TEAD3,-8.047465419864993e-05
TFs_and_others_SMAD4,-7.911055554768662e-05
TFs_and_others_TFEB,-8.193484700400813e-05
TFs_and_others_MIER3,-6.131933979925963e-05
TFs_and_others_FOXO3,-7.537886976198046e-05
TFs_and_others_HCFC1,-5.5284726144823715e-05
TFs_and_others_NCOA5,-7.015125484947986e-05
TFs_and_others_ZNF600,-4.705407601313143e-05
TFs_and_others_ZFY,-6.84779417544764e-05
TFs_and_others_ZNF148,-4.149686402849696e-05
TFs_and_others_PTF1A,-5.436886832399627e-05
TFs_and_others_SMARCC2,-3.158246691597314e-05
TFs_and_others_C7orf26,-6.64619672815228e-05
TFs_and_others_SP110,-4.821401897251493e-05
TFs_and_others_ZNF423,-6.89950995690799e-05
TFs_and_others_MLL-AF4,-5.392627344554437e-05
TFs_and_others_HOXC5,-6.467292897547536e-05
TFs_and_others_NKX2-8,-0.00010208958922259115
Histone_H2BP1me1,-0.00010552643559431576
Histone_H2A.Z,-0.00015244107527916505
TFs_and_others_ZNF324,-8.921923315819227e-05
TFs_and_others_SSRP1,-7.877017671766248e-05
TFs_and_others_ZNF701,-6.67118780187245e-05
TFs_and_others_MAFF,-7.060726766307042e-05
TFs_and_others_PRRX2,-6.148310888743162e-05
TFs_and_others_TEX10,-4.754396035400419e-05
Histone_H1.X,-6.678859297083633e-05
TFs_and_others_CHD1,-5.205538370236948e-05
Histone_H3K79me3,-8.553119427502966e-05
TFs_and_others_NUP214,-6.945542171832407e-05
TFs_and_others_NETO2,-6.995534321795088e-05
TFs_and_others_E2F3,-7.187924446135553e-05
TFs_and_others_ZNF544,-5.536279613035322e-05
TFs_and_others_ZNF215,-6.413806953543579e-05
TFs_and_others_KLF8,-5.767472060817678e-05
TFs_and_others_Biotin,-7.335049072597972e-05
TFs_and_others_ZBTB48,-4.8552320755257463e-05
TFs_and_others_ZNF101,-5.373203380687991e-05
TFs_and_others_RARG,-5.6415528667147055e-05
TFs_and_others_HMGB2,-4.428793320392243e-05
TFs_and_others_CHD3,-5.139350100614174e-05
Histone_H2,-4.226956544534736e-05
TFs_and_others_NRP2,-0.00016844227304236916
TFs_and_others_ZNF484,-0.00011278829095916508
Histone_H3K4me2,-0.0004451662383199012
TFs_and_others_MED12,-0.0001922612149205498
TFs_and_others_MBD3L2,-0.0001374486461759718
TFs_and_others_CHAF1A,-5.972687596565937e-05
TFs_and_others_RBFOX2,-8.014626789582145e-05
TFs_and_others_SMC2,-6.905465226637037e-05
TFs_and_others_MED4,-6.0478768731638376e-05
TFs_and_others_KDM3A,-6.640400237851948e-05
TFs_and_others_SNAPC4,-5.220261280096106e-05
TFs_and_others_PSIP1,-7.80588084015799e-05
TFs_and_others_CAMTA1,-6.42452047531614e-05
TFs_and_others_PRDM4,-8.858379686726018e-05
TFs_and_others_HNRNPH1,-5.7826628256860935e-05
TFs_and_others_FOXR2,-7.118797661022472e-05
TFs_and_others_NR2F2,-8.789453764067198e-05
TFs_and_others_MED31,-8.077533100427936e-05
TFs_and_others_ZC3H11A,-7.844928764001504e-05
Histone_macroH2A1.2,-7.387204993863932e-05
TFs_and_others_FOXA3,-9.366044079380316e-05
TFs_and_others_SOX2,-0.00010221404230081536
TFs_and_others_TBX2,-0.00010418284345427562
TFs_and_others_FOXP3,-8.540434359366911e-05
TFs_and_others_DNMT3L,-6.918364663209802e-05
Histone_H2BK12ac,-7.829418554413208e-05
TFs_and_others_TRIM25,-0.00011687407660634317
TFs_and_others_HSP90B1,-9.125955073867102e-05
TFs_and_others_RAD21,-0.00017738774487913658
TFs_and_others_TAF3,-0.00011153015817270415
Histone_H2BK120ub,-8.426503131583895e-05
Histone_H3K79me1,-6.075473141016507e-05
TFs_and_others_HDGF,-6.311384228875546e-05
TFs_and_others_ZNF623,-7.77754951019772e-05
TFs_and_others_FOXS1,-7.116697311460858e-05
TFs_and_others_SETD1A,-0.00011222937502781356
TFs_and_others_SOX4,-8.555213190200356e-05
TFs_and_others_MTF2,-8.212627667438779e-05
Histone_H2B,-7.212395670294216e-05
TFs_and_others_TCF25,-5.637539001929315e-05
Histone_H2AT120ph,-7.821170803585766e-05
TFs_and_others_MYBBP1A,-5.387447094530225e-05
TFs_and_others_DDX20,-7.421700911096377e-05
TFs_and_others_BRPF3,-5.005163451377793e-05
TFs_and_others_CREB3L2,-7.428400702015279e-05
TFs_and_others_TCF15,-6.219914612957726e-05
TFs_and_others_KANSL1,-5.859187661942894e-05
TFs_and_others_NAIF1,-6.355279191651342e-05
TFs_and_others_ZNF3,-4.4339153417584806e-05
TFs_and_others_ZNF830,-8.544402173404157e-05
Histone_H3K36me2,-5.693507333071045e-05
Histone_H3K5ac,-7.814125632038549e-05
TFs_and_others_MIER2,-6.448076224827614e-05
TFs_and_others_AICDA,-7.076601708958511e-05
TFs_and_others_HES2,-5.49289702062565e-05
TFs_and_others_ZNF10,-5.207421986312224e-05
Histone_H3K79suc,-7.992470882789004e-05
TFs_and_others_ING2,-5.989691342887287e-05
TFs_and_others_KDM2A,-7.435835425619893e-05
TFs_and_others_OSR2,-8.19532555562954e-05
TFs_and_others_QKI,-8.98113177922578e-05
TFs_and_others_5-hmC,-0.00012647849018300426
TFs_and_others_WHSC1,-0.00010999718564585588
TFs_and_others_ZNF211,-8.692412634661138e-05
TFs_and_others_CHD7,-0.00011968140970296168
TFs_and_others_ZNF234,-9.549943392024185e-05
TFs_and_others_ZNF558,-8.115465649627374e-05
RNA_polymerase_POLR2G,-9.186967699698986e-05
TFs_and_others_NUDT21,-7.858199680879872e-05
TFs_and_others_HOXB4,-5.924644836841872e-05
TFs_and_others_BCL9,-6.487058444807004e-05
TFs_and_others_EGR1,-8.513909493145679e-05
TFs_and_others_GFI1,-6.874248399997852e-05
TFs_and_others_NIPBL,-7.464424956206978e-05
TFs_and_others_RTF1,-7.744827614972405e-05
TFs_and_others_HAND2,-9.339348708129716e-05
TFs_and_others_GMEB2,-6.789794732517443e-05
TFs_and_others_ZNF337,-8.262037461682167e-05
TFs_and_others_ZC3H4,-8.11974175811314e-05
TFs_and_others_SATB1,-0.0001455624563567912
TFs_and_others_DONSON,-9.446768452540126e-05
TFs_and_others_ATF4,-0.0001272403757641231
TFs_and_others_ZNF551,-9.259438532742034e-05
TFs_and_others_MZF1,-9.392453616644943e-05
TFs_and_others_NFIA,-8.625966111572986e-05
TFs_and_others_KDM3B,-7.818529383497778e-05
TFs_and_others_ZNF77,-7.270501652681329e-05
TFs_and_others_TP53,-8.865091025828438e-05
TFs_and_others_ZNF696,-8.240672137226655e-05
TFs_and_others_SOX1,-6.423375063746978e-05
TFs_and_others_DNMT3A,-8.616664664212967e-05
TFs_and_others_SLBP,-6.24571335098247e-05
TFs_and_others_BCL11B,-9.5515166270576e-05
TFs_and_others_ZNF680,-5.479707310421894e-05
TFs_and_others_SP2,-8.204200194103117e-05
TFs_and_others_MAZ,-5.606011645637129e-05
TFs_and_others_IKZF5,-7.115519267893329e-05
TFs_and_others_ARNT,-5.574565306060386e-05
TFs_and_others_GLIS3,-5.5569097891804833e-05
TFs_and_others_TOP1,-4.817974457211746e-05
TFs_and_others_ASXL2,-6.107259759639824e-05
TFs_and_others_EPOP,-5.86992062655252e-05
TFs_and_others_NFE2L3,-6.964636078420372e-05
TFs_and_others_UBE3A,-7.135664026084299e-05
TFs_and_others_NFATC4,-9.933451583894942e-05
TFs_and_others_PDX1,-6.681767863611236e-05
TFs_and_others_CSTF2,-0.0001216168401855002
TFs_and_others_TFCP2L1,-0.00018549366254430228
TFs_and_others_ZFP69B,-0.00014124843606528454
TFs_and_others_FOXA1,-0.0004383760213563855
TFs_and_others_L3MBTL2,-0.0001753146090592978
TFs_and_others_PROX1,-0.00012785190034438613
TFs_and_others_ZNF776,-5.759677459257577e-05
TFs_and_others_PAX8,-6.464195681798507e-05
TFs_and_others_ZNF700,-5.551087304753852e-05
TFs_and_others_ZFP14,-7.080104859771174e-05
TFs_and_others_ZNF711,-6.372343937351182e-05
TFs_and_others_ZNF580,-6.83761813108792e-05
TFs_and_others_BACH2,-4.866863352902046e-05
TFs_and_others_WWTR1,-5.5953976058769275e-05
TFs_and_others_GLYR1,-5.47471124382489e-05
RNA_polymerase_POLR3B,-5.64086711867631e-05
TFs_and_others_KSHV LANA,-5.328889571408794e-05
TFs_and_others_NFATC3,-6.182135983515342e-05
TFs_and_others_ZNF555,-6.30903382556541e-05
TFs_and_others_ZNF512,-7.236693260169508e-05
TFs_and_others_MED9,-6.560444011317613e-05
TFs_and_others_TERF2,-7.843263248744798e-05
TFs_and_others_PAF1,-6.625810518482935e-05
TFs_and_others_RBM14,-7.760752345787461e-05
TFs_and_others_BACH1,-5.246367601954658e-05
TFs_and_others_DDX17,-7.341755247597868e-05
TFs_and_others_AUTS2,-5.50488768303101e-05
TFs_and_others_ZNF645,-6.983707510007572e-05
TFs_and_others_WDR5,-5.797280583017674e-05
Histone_H4R3me2,-5.9445615452103815e-05
TFs_and_others_ALKBH1,-5.452335114601433e-05
TFs_and_others_SNRNP70,-8.130021084803132e-05
TFs_and_others_SP140,-4.28991845974319e-05
TFs_and_others_SCRT2,-9.12966935180697e-05
TFs_and_others_FIP1L1,-7.944424096755626e-05
TFs_and_others_OTX2,-0.0001447548713277483
TFs_and_others_HDAC1,-8.90815917795433e-05
TFs_and_others_SOX6,-9.00710601170962e-05
TFs_and_others_ZNF316,-9.92512245169452e-05
TFs_and_others_KCMF1,-8.29090288164843e-05
TFs_and_others_POLRMT,-6.688467596814557e-05
TFs_and_others_PHB2,-6.257818492886857e-05
TFs_and_others_NFIL3,-0.00011754710973208155
TFs_and_others_ZNF117,-7.849641152805083e-05
TFs_and_others_CBX4,-0.00016855858930663314
TFs_and_others_ZNF605,-3.319047834302712e-05
